1,0.36218134,4.663468,-0.42485276,4.682780420284471,1.7182387
1,0.3051238,4.641426,-0.44660383,4.662862907788108,0.35285446
1,0.34359568,4.648678,-0.42165753,4.667761787710629,0.03868493
1,0.39517826,4.655619,-0.4176776,4.674317400868548,3.0705237
1,0.33552402,4.6029887,-0.2975588,4.612596530472797,1.125599
1,0.3114574,10.465427,-1.8691669,10.631037174989824,1.8101318
1,0.5066025,4.6680837,-0.1642574,4.6709726540269925,3.0802605
1,0.31718853,4.620629,-0.08757545,4.62145860510206,1.9349672
1,0.44052458,4.623478,-0.021502484,4.623527911179837,1.9156809
0,0.3511123,8.746472,-6.764245,11.05693405562542,3.7618048
1,0.32304913,4.5844126,0.0053703785,4.584415631676513,0.7337065
1,0.43052056,4.5616293,0.04815201,4.561883545081114,1.7301486
1,0.39782432,4.5546837,0.10725149,4.555946346258409,1.8443909
1,0.32788986,4.4862185,0.21485856,4.4913605301992225,1.9989836
1,0.30775642,4.491301,0.2438191,4.4979143607678616,1.7976042
0,0.35152128,8.714768,-6.7275777,11.009427279094579,3.749246
1,0.3348889,4.4361367,0.34550297,4.449570907307273,1.7333423
0,0.30918124,8.729874,-6.7977114,11.06433779865978,3.7270813
0,0.3821517,8.736106,-6.7725606,11.053828574736809,3.7550576
1,0.3370168,9.222165,-2.9360888,9.678272208503671,1.9566585
1,0.4161674,9.10566,-3.0956926,9.617503231515085,1.4628826
0,0.37285745,8.7446165,-6.777222,11.06341066222153,3.7797728
0,0.39344096,8.740393,-6.7909875,11.068512914995134,3.73177
1,0.3548732,9.000342,-3.1553707,9.537427957445185,1.6740721
1,0.33369553,4.51324,0.53981125,4.545407612298206,1.4887102
1,0.35047194,4.521084,0.5787577,4.557977603698315,1.8743492
1,0.5273698,4.5517125,0.64545345,4.597248846913686,1.8219099
0,0.30446723,8.735669,-6.780339,11.058250516242634,3.7438312
1,0.59305066,4.5774446,0.6707125,4.62632196452361,1.6532904
1,0.4322968,8.69177,-3.3551207,9.31685009424918,1.5627186
1,0.3820096,4.627773,0.7281695,4.684710473688853,0.13498479
1,0.50333214,4.692931,0.74452996,4.751623779624269,1.9078846
1,0.36820847,8.609965,-3.4273615,9.267055150220406,2.0076365
1,0.43964815,4.742242,0.71583617,4.795964754205767,1.7473223
1,0.33096778,8.531321,-3.5159397,9.22741912301999,1.5280337
1,0.5379008,4.7564845,0.7009272,4.80785234625083,1.6316246
0,0.30929688,8.737215,-6.7607846,11.047494485149747,3.7429175
1,0.4519921,4.8341646,0.674653,4.881014708099995,1.1689756
1,0.63395536,4.891961,0.68531615,4.939730949024945,1.7068903
1,0.58046216,4.9455433,0.65519667,4.988755552345652,1.6704584
1,0.4040457,0.633574,-1.4933661,1.6222078838034064,1.9488577
1,0.30904087,8.198376,-3.8078508,9.039529245998256,1.954489
1,0.31063727,0.7626096,-1.5646546,1.740608354964877,5.059814
1,0.3009106,5.076128,0.69713885,5.123775615046459,1.4789776
1,0.608842,1.024878,-1.6450449,1.9381815419196073,5.0362544
1,0.3886714,5.1105676,0.7074689,5.159303627929926,1.5452077
1,0.6480551,1.2332399,-1.6752782,2.08024936024936,5.0495186
1,0.3848575,5.180825,0.6823853,5.2255717936584425,1.1970527
1,0.33950326,7.816944,-3.9557853,8.760870584225902,1.7484868
1,0.5683404,1.3560195,-1.7479832,2.2122916128870624,1.8623612
1,0.3065079,5.2673793,0.73458755,5.3183554300159805,1.6143364
1,0.6546601,1.5572064,-1.7926886,2.3745787397524176,1.9303226
1,0.39726943,7.628405,-4.081961,8.651876839123142,1.8218287
1,0.36877015,5.3719196,0.75706154,5.42500360022922,1.5870774
0,0.3347203,8.744227,-6.7731433,11.060604644306578,3.7466733
1,0.7588106,1.7398835,-1.8048297,2.5069114516163347,1.8758385
1,0.613613,1.9415593,-1.7937902,2.6433569866275044,1.723138
1,0.73826367,2.13732,-1.827291,2.811961821881607,1.9299874
1,0.66041934,2.332784,-1.8915372,3.003297106587527,1.8700571
1,0.55610114,0.71510917,1.4651213,1.630325540669958,4.197508
1,0.73777556,2.5327725,-1.9507773,3.1969467498096,5.350298
1,0.718787,0.87295204,1.5201726,1.7529888514998222,1.1228459
1,0.68468195,2.6788251,-2.0198736,3.3549952145128756,5.084039
1,0.56504214,0.9835848,1.5847687,1.8651892531764156,4.572624
1,0.3190005,5.7179255,0.7521921,5.767188545088465,1.4871967
1,0.7816256,2.8307972,-2.0394225,3.4889335065230824,2.0717976
1,0.6503799,1.1472042,1.6231703,1.9876516128388788,1.1948965
1,0.8033027,2.9946697,-2.0853634,3.6492172812881734,2.9160192
1,0.4165947,1.2939641,1.639069,2.088274500272598,1.3975149
1,0.49557173,1.3809004,1.6512716,2.152576136289254,1.1809086
1,0.40588072,3.167696,-2.1903965,3.8512511214539735,5.0118456
1,0.68372214,3.3451416,-2.1942563,4.000591711148069,1.6525697
1,0.57803327,1.5504907,1.7010957,2.3016837508303936,1.2527933
1,0.6378623,1.7527859,1.7186235,2.4547759896687813,1.394152
1,0.55458575,3.5460196,-2.2190986,4.183139181507738,2.0544791
1,0.7266233,3.7099695,-2.3087938,4.369714214137169,1.9695122
1,0.5189682,1.9225234,1.7299325,2.586264229500714,1.2572942
1,0.7703305,3.841605,-2.3409252,4.498650878424791,5.105666
1,0.6511222,2.0782964,1.7782358,2.735221862441836,1.5031272
1,0.44647595,5.986195,0.68980163,6.0258075093830135,1.4294739
1,0.7580043,2.1840599,1.7955893,2.827411962162231,1.416183
1,0.69426984,3.9341674,-2.3729637,4.594412827193979,2.1369956
1,0.30925488,6.0031915,0.7174883,6.045915709902036,1.4250076
1,0.75924253,2.3540573,1.8069957,2.9676286687811,4.400733
1,0.6056529,4.084716,-2.4496503,4.762949708546948,5.3156886
1,0.8008924,2.500468,1.8429439,3.1062489807004425,1.4593743
1,0.66981816,4.2274523,-2.5351307,4.929324564442992,2.5812392
1,0.7259011,2.6511872,1.8672943,3.2427736786555803,1.2585458
1,0.35364994,5.993445,0.90075547,6.060754269030408,1.8070738
1,0.59604055,2.794783,1.8968375,3.377692243750702,1.2814314
1,0.5955741,5.930825,0.9845477,6.011989693983716,1.8155767
1,0.54280365,4.496496,-2.6712334,5.230101888039787,1.8916497
1,0.5148403,5.4985,-4.645566,7.19824874560904,2.7459402
1,0.7381344,4.622185,-2.7580109,5.382491989448706,5.3263044
1,0.5429042,6.0020585,1.0323102,6.090186696064409,1.8476089
1,0.44012153,2.9684682,1.8959063,3.5222527315788605,1.6614908
1,0.4147415,5.384656,-4.693009,7.142748226970255,1.7793193
1,0.7622516,4.7564325,-2.8105633,5.524754735413565,1.8812119
1,0.510409,5.252224,-4.712403,7.056386816896305,1.8072772
1,0.39596492,5.9778166,1.1037784,6.078866477005699,1.9018452
1,0.31795296,3.0891075,1.8806207,3.616534246197381,1.7396041
1,0.5732102,4.882963,-2.8041227,5.630846503193752,4.965083
1,0.41519746,3.229882,1.9038894,3.7492575864217197,1.3527757
1,0.51277125,5.04745,-2.8426313,5.792866680869172,1.6754272
0,0.3296595,8.737277,-6.766314,11.050928302971741,3.7459133
1,0.3242303,3.396823,1.9088596,3.896428081516916,1.3962524
1,0.55513,4.8867207,-4.806323,6.854252807941634,3.0201576
1,0.3774743,5.1756263,-2.8777711,5.921880797531792,1.9152683
1,0.34959263,5.819217,1.1666765,5.935016634756299,1.854306
1,0.4452538,5.759489,1.1842028,5.879970314833257,1.7999666
1,0.4105953,4.7844715,-4.7862225,6.76750287431107,1.5638599
1,0.42194948,5.6978655,1.1813006,5.8190326691671,1.8697696
1,0.38419172,5.4032288,-3.0135124,6.186771234308253,5.1137333
1,0.32960236,3.821924,2.0299752,4.3275745468726745,4.7820587
1,0.5350257,4.5203233,-4.830176,6.615430722562177,1.6891935
1,0.46242806,5.6382093,1.1912918,5.762688610109854,1.6962483
1,0.38344356,5.5203,-3.0760565,6.319480737528376,5.0417323
1,0.4552248,4.1418047,2.13786,4.661007697062428,1.7435155
1,0.42771342,5.6139493,1.2074863,5.742338300528353,1.6737396
1,0.33954173,4.4697595,-4.7949505,6.555173435317317,1.7504915
1,0.5907738,4.2598987,2.155656,4.7742633510997585,1.719161
1,0.4400872,5.503353,1.2960188,5.653897802734812,1.7564868
1,0.36996004,4.2917624,-4.850278,6.476451177986278,1.8405774
1,0.60600775,4.3712397,2.2443519,4.913741108826381,1.4985306
1,0.57278615,5.427392,1.3200389,5.585614303095438,1.7864693
1,0.45800635,5.8574877,-3.0911748,6.623105336018157,1.3938317
1,0.4390653,4.204115,-4.8626494,6.428058700701789,1.9934599
1,0.6623872,4.4993324,2.2541888,5.032430759035083,1.8410398
1,0.4456079,4.0806556,-4.913799,6.387266139099689,1.9006069
1,0.43818498,5.359104,1.2420702,5.501157638790338,1.8335865
1,0.4322383,5.9710736,-3.0910683,6.723720964949538,1.1063869
1,0.6802401,4.644363,2.2725332,5.170542934397721,1.6961173
1,0.46097457,5.3237834,1.2135807,5.460352439264917,1.6113541
1,0.44101858,3.9395545,-4.9880476,6.356155067717673,1.9776057
1,0.5186596,5.1881275,1.253823,5.3374845124853065,1.6173116
1,0.46396038,3.8347847,-5.0045066,6.304812443096698,1.8909231
1,0.36733395,4.8305306,2.27474,5.339332226779833,1.7909046
1,0.53487,4.9504566,2.2808301,5.450615335426821,1.6846989
1,0.50079936,5.085983,1.230276,5.232666647818527,1.7414743
1,0.48282248,3.7621577,-5.0168242,6.270754115553757,1.7504086
1,0.63756394,5.005557,1.1821827,5.143263305035701,1.3568807
1,0.58939105,5.099187,2.316585,5.600738592486894,1.4673346
1,0.48938027,3.6013565,-5.061225,6.2117441865085725,1.8358543
1,0.69155294,5.2113376,2.3590631,5.720421051854316,4.857834
1,0.471225,6.334147,-2.9168658,6.973487236021661,3.298525
1,0.38871038,4.970901,1.1761991,5.108160125301737,1.4533825
1,0.65393496,4.845572,1.1282405,4.9751879172561635,1.3313389
1,0.63446105,5.3581014,2.3807063,5.863191465418493,4.8558316
1,0.47488275,3.3316987,-5.144659,6.129252300619418,1.9189128
1,0.3480098,6.402603,-2.863184,7.013640329050471,0.05317112
1,0.49888206,3.2333777,-5.1340322,6.067373303071777,1.3388392
1,0.42095518,4.812066,1.0802691,4.931831292725081,1.2869569
1,0.35387707,5.4476404,2.3620818,5.937694666833498,4.976264
1,0.43991172,6.4630804,-2.7496178,7.023660454696064,3.27877
1,0.41374302,3.1291978,-5.1029673,5.985996435040076,2.888151
1,0.3800598,4.690661,0.97829425,4.791592649910952,1.4445738
1,0.3038646,5.6284456,2.3648233,6.1050626164504855,1.7905759
1,0.64361995,2.9726186,-5.1393003,5.937075951140374,2.817363
1,0.54851687,4.677705,0.9207298,4.767459103709437,1.2883234
1,0.51037616,6.4709024,-2.6660206,6.998588692219405,2.8326223
1,0.33709773,5.736835,2.3191714,6.187877604974939,1.8848
1,0.53884536,6.49273,-2.6045375,6.995652892569109,2.9453104
1,0.3175418,4.538763,0.8311726,4.614240761377226,0.8829864
1,0.4406663,6.4677033,-2.5459528,6.95075999982702,3.0525312
1,0.35624126,6.4097896,-2.4240308,6.8528334723033435,2.697699
1,0.6976544,2.5268602,-5.256672,5.832462609110316,2.775682
1,0.39907455,2.44972,-5.26174,5.804053619810111,2.8437347
1,0.3670001,4.1669903,0.5778772,4.20686939321305,1.0195069
1,0.42809933,6.2394977,-2.2655542,6.638077119209762,2.3400483
1,0.35322887,2.3376026,-5.30409,5.796357082869283,2.1526177
1,0.6928799,6.1342173,-2.2110322,6.520527922899383,2.4258318
1,0.5272368,2.2356865,-5.321498,5.7720564040761015,5.371043
0,0.40548244,8.797574,-6.7498426,11.088628742000955,3.7517729
1,0.56316227,6.0409107,-2.1177614,6.401368304848301,2.351377
1,0.41842276,2.118228,-5.281379,5.690330052784209,3.041877
1,0.4713151,5.993871,-2.0511734,6.335124649230594,2.4874053
1,0.6733934,5.8549514,-2.0709338,6.2104123451331334,2.4150326
1,0.56710845,3.8725643,0.17109284,3.8763420488191387,0.9720597
1,0.45981908,6.84792,1.9432741,7.118308957766085,2.5901043
1,0.5387107,3.8576167,0.0862889,3.8585815849660814,0.8610159
1,0.4008743,6.9672146,1.8735065,7.214714474596425,2.757744
1,0.5278066,3.8211164,0.019061606,3.821164026513006,0.6151211
1,0.3782801,6.999189,1.8013431,7.22727350809694,2.9170058
1,0.37804773,1.6718612,-5.4025445,5.655316692088727,0.5624573
1,0.6820933,3.7809854,-0.048755858,3.7812996853172938,0.8175136
1,0.54385144,1.3967507,-5.4651093,5.640774119934172,2.9199553
1,0.4021682,3.7246132,-0.12982485,3.726875084137008,0.830552
1,0.4986229,1.312289,-5.500557,5.654929665584275,2.9236717
1,0.32956466,7.224784,1.4700556,7.372826207376631,2.9991682
1,0.576908,1.215486,-5.50402,5.6366341545540415,2.9314566
1,0.31325272,7.2502236,1.3366233,7.372401410074572,3.0551186
1,0.336648,5.169055,-2.2123396,5.622595209424033,1.5770947
1,0.306312,1.0614096,-5.5995655,5.699273970024637,3.6455517
0,0.4080629,8.734665,-6.790636,11.063774768205562,3.7346988
1,0.40291446,5.04691,-2.2410858,5.522115805555938,1.4715217
1,0.48455542,3.6241024,-0.47877693,3.6555909434972618,0.44290438
1,0.48094642,4.974687,-2.2679315,5.467268388863332,1.4108708
1,0.5609894,4.838468,-2.3597674,5.383240349186027,1.3456944
1,0.4496033,3.7035882,-0.50687313,3.7381127458022974,2.9240348
1,0.36370948,0.7193965,-5.5469193,5.593375081545707,3.0991068
1,0.76210827,3.700264,-0.56628454,3.7433449502177596,2.906013
1,0.54014325,0.5752234,-5.5477986,5.577539920843554,-0.05235997
1,0.420454,4.7196817,-2.4514694,5.318373720371766,1.6501634
1,0.62356055,0.543982,-5.586759,5.61318033083863,3.090755
1,0.6138354,3.7037678,-0.6328181,3.757439799077154,3.019665
1,0.5958662,0.41661516,-5.6412516,5.656614513138061,2.7536516
1,0.56762505,3.7080076,-0.68072385,3.7699740925513403,3.0717463
1,0.5942319,3.7686622,-0.8033048,3.853325059435276,3.1776164
1,0.3646718,0.3676885,-5.6619678,5.673894349333828,3.0236342
1,0.4881303,3.7813454,-0.8521737,3.87618016145315,3.2156014
0,0.3196133,8.690905,-6.720511,10.986222742550133,3.7770693
1,0.49893054,3.7835827,-0.91648257,3.8929986415559843,3.0470111
1,0.3248747,4.149182,-3.0867867,5.171456403589661,1.3476858
1,0.41230848,4.0999947,-3.1138332,5.14838933849818,1.4634378
1,0.65912867,3.8828304,-3.2574928,5.068296716556329,1.6735091
1,0.3685305,4.0820956,-1.2822417,4.2787439292889164,5.2040167
1,0.53859514,4.1128955,-1.3625599,4.332721789318776,2.196579
0,0.44460067,8.725568,-6.801011,11.062969305568783,3.7185013
1,0.35896105,3.6568594,-3.391443,4.987434811273637,1.9198893
1,0.35355207,4.155818,-1.4218519,4.392321058785123,1.9232973
1,0.5632048,4.2741475,-1.48296,4.524103039945049,2.1594307
1,0.77006406,4.3526425,-1.5116284,4.607658661518283,-0.23325491
1,0.38118264,3.4893608,-3.4732714,4.923337688784178,1.95928
0,0.31136343,8.822259,-6.7460585,11.10592421792869,3.760318
1,0.78863543,4.4208283,-1.5761302,4.693390057575009,5.072836
1,0.67373663,4.4886675,-1.5786613,4.75818330669668,5.1045675
1,0.37671313,3.2868502,-3.5629988,4.847509094513049,1.8326542
1,0.32255745,7.819006,-0.9096438,7.8717412109636085,1.568769
1,0.585533,4.570225,-1.6022385,4.842945844285644,-0.6140144
0,0.37503287,8.734523,-6.801421,11.070285277511518,3.738079
1,0.33724952,4.6943245,-1.5928707,4.957208821127535,3.8402896
1,0.5437547,4.764187,-1.6286563,5.034878198538778,5.203627
1,0.39613017,2.9357984,-3.6461766,4.6811875628189705,2.2891178
1,0.62756723,2.8478067,-3.6271234,4.611510115267329,2.3612437
1,0.3682449,2.79169,-3.5749412,4.535828270354218,2.709
1,0.4721394,5.15473,-1.7406086,5.4406762328301985,4.984258
1,0.3490895,2.6611025,-3.5683072,4.451323563124012,2.498941
1,0.4372008,5.2593913,-1.7364335,5.538627919526372,1.5449424
1,0.43273503,5.408277,-1.7402157,5.681356276723579,5.0339036
1,0.44265136,2.4559994,-3.4269922,4.216183934580516,2.6932728
1,0.5118382,5.5713453,-1.7104375,5.827991473839047,5.0448847
1,0.48438755,2.3456671,-3.3733017,4.108688239088056,2.5253344
1,0.48840752,2.3453808,-3.2579718,4.014372990391083,-0.3683695
1,0.47949183,5.664989,-1.6768323,5.907949697560588,4.9032984
0,0.358429,8.730508,-6.7904253,11.060363218334395,3.7495933
1,0.58378696,2.303437,-3.199414,3.942343503062941,-0.19392514
1,0.37626445,5.7613153,-1.6702743,5.998547378173599,1.882146
1,0.37289596,5.845397,-1.6317273,6.068871365088907,1.9568747
1,0.40563685,2.1762772,-2.9970806,3.7038727983091815,0.020703383
1,0.32135546,5.9422455,-1.5841306,6.1497762499789115,1.9076918
1,0.33266494,2.1732748,-2.9176579,3.6381109504579157,3.0172155
1,0.31032026,6.044435,-1.5918682,6.250538917195148,1.5995
1,0.6178138,2.138709,-2.821039,3.540104121169419,3.0341675
1,0.5881259,2.144578,-2.7674506,3.501142315418981,3.0375657
1,0.74468297,2.164422,-2.6778772,3.4432178453082263,3.0194216
1,0.79921657,2.1475723,-2.5546043,3.3373745898283627,3.1598806
1,0.52995944,2.1539505,-2.335473,3.1770956737507947,2.9788399
1,0.64760274,2.1579945,-2.2700849,3.132127948656531,2.8288722
1,0.6525759,2.1253834,-2.1320524,3.0104654873559875,2.5946002
1,0.30031887,8.031995,-3.3693514,8.71007869575416,1.4096035
1,0.73638684,2.1396863,-2.0551186,2.9667775879886578,2.950635
1,0.40496817,7.9964924,-3.4166756,8.695835862085486,1.3080211
1,0.6126547,2.1690574,-1.8926042,2.8786733628878762,2.7419155
1,0.62887496,2.1089723,-1.770036,2.7533237138754085,2.6693892
1,0.55346453,2.1086586,-1.6858104,2.6997032779550914,2.9672682
1,0.8109566,2.10266,-1.5538034,2.6144758610212007,2.8364773
1,0.807822,2.0962508,-1.4226954,2.5334421720046425,2.9270406
1,0.582338,2.1098635,-1.326747,2.4923445792606644,3.0425112
1,0.37817243,7.5712347,-3.5907886,8.37957957303353,1.8985415
1,0.47225058,2.0979528,-1.2069757,2.4203711978500486,2.9459188
1,0.63332236,2.1146944,-1.0903182,2.3792280408578015,3.052409
1,0.5891202,2.1579797,-0.996529,2.3769616508487705,2.8543382
1,0.68117064,2.1743546,-0.89553773,2.351553780675799,2.6910176
0,0.340243,8.73698,-6.8132133,11.079471995859336,3.7661839
1,0.6788806,2.210568,-0.8005386,2.3510577398338635,2.5994802
1,0.62004626,2.2726603,-0.65773344,2.365924359709477,2.7965066
1,0.5497872,2.204297,-0.5663753,2.275896872331066,2.6938927
1,0.4631312,7.009461,-3.3394547,7.764309378307275,2.6200285
1,0.48631462,2.2474267,-0.38696948,2.2804983285447418,2.188048
1,0.706973,2.1754756,-0.27034125,2.1922085903074935,2.4816995
1,0.54664904,2.1693735,-0.13247481,2.17341460401705,0.73053145
1,0.32732528,6.8019657,-3.0217009,7.442943984817622,2.2906687
1,0.70428884,2.1721742,0.006745167,2.172184654500692,-0.28756553
1,0.7496019,2.2057848,0.11180459,2.2086165144630665,-0.39624757
1,0.3783411,6.6755366,-2.8041394,7.240579206365492,2.5758576
1,0.7267293,6.6063533,-2.614699,7.104966760889163,2.776746
1,0.62811005,2.220675,0.21591228,2.2311466609842223,-0.054215103
1,0.56561625,2.2118635,0.2878123,2.230510223590994,0.13562417
1,0.66012514,2.204208,0.38233835,2.237122027476443,-0.10413991
1,0.34596226,6.4446816,-2.370355,6.866768087483744,2.6439788
1,0.5828619,2.2278042,0.5482499,2.294273200378467,2.6452866
1,0.32393584,7.330254,0.7106639,7.364622670832514,1.9193337
1,0.64008176,2.283464,0.62007546,2.3661575342843895,-0.2364533
1,0.38904944,7.288982,0.79956317,7.332704719419517,2.759698
1,0.6720422,2.1955845,0.7297156,2.3136716400512185,-0.14613473
1,0.33377862,7.259938,0.9105756,7.316819178817242,2.8567126
1,0.61773705,2.1752312,0.8633557,2.340302131090945,2.909134
1,0.3363554,7.238878,1.0136305,7.309500576341526,2.7097738
1,0.6392238,2.183919,0.93421376,2.3753436994316606,3.0946007
1,0.637704,2.2104836,1.0884992,2.463953694787829,2.4728947
1,0.6201002,2.2042394,1.1880062,2.504002799852165,2.8572178
1,0.6018209,2.2252862,1.2313789,2.5432642517440494,3.256265
1,0.41849098,6.115576,-1.4791015,6.291900259906798,2.2569597
1,0.5851038,2.2320247,1.3597354,2.6135826678282563,3.757069
1,0.6569321,2.2232494,1.4634817,2.661694321493694,1.384201
1,0.7704141,2.2140546,1.5413936,2.697764290491892,3.19064
1,0.62949437,2.1859307,1.6734482,2.7529478745741027,2.9881823
1,0.56540954,5.8593974,-1.0705491,5.956392768037456,2.6343224
1,0.60717547,2.181344,1.7505183,2.796886848978698,2.6023383
1,0.38874108,6.549451,1.5424002,6.728618241234919,1.8337286
1,0.5404504,2.2007675,1.8391815,2.868094568446488,2.8831472
1,0.4515634,6.4342813,1.6010242,6.630479094397345,1.8337331
1,0.51622,2.1923683,1.9159311,2.911575196752228,3.0118313
1,0.40340215,5.731812,-0.70218515,5.77466302854649,2.634614
1,0.5601646,2.172314,2.0185788,2.965401779151013,-0.2681581
1,0.49249163,5.7152724,-0.57865196,5.74449092830606,2.6655188
0,0.35382682,8.81559,-6.751605,11.103999171803908,3.7685544
1,0.5778516,2.165018,2.154588,3.054431641148916,0.06150367
1,0.44905472,5.692912,-0.48615298,5.713632096647442,2.663487
1,0.4780469,5.6668367,-0.40137923,5.681033640016062,2.8109553
1,0.42753372,2.1502838,2.2522073,3.1138655091571716,3.1060128
0,0.3091574,8.716912,-6.7752504,11.040316133257491,3.7591894
1,0.6134723,2.189635,2.3496501,3.2117529805780447,3.2274883
1,0.4925725,5.6943007,-0.2724004,5.7008125529110085,2.674985
1,0.3550791,5.8249297,1.6771748,6.061577480954705,1.6286266
1,0.68253237,2.187357,2.4857183,3.311091285435707,3.023307
1,0.50967777,5.6645274,-0.15684144,5.666698605316511,2.8040543
1,0.35217002,5.7292366,1.708043,5.978425018710673,1.7653677
1,0.5083343,2.1806471,2.6116807,3.402366454161474,3.175135
1,0.45826843,5.602439,1.7397488,5.86634871459334,2.0388162
1,0.6086517,5.530742,0.016832612,5.530767904705698,2.4977446
1,0.46734774,5.426457,1.7844231,5.712320016909587,1.9391544
1,0.46116003,2.1896703,2.6904476,3.468885264465711,4.1075087
1,0.77713436,2.2050748,2.813894,3.5749621676063783,3.1920598
1,0.4838826,5.3729796,1.7529415,5.651700039203238,1.8141565
1,0.7412706,2.2014043,2.9035056,3.643696680218665,0.16908005
1,0.31744927,5.468796,0.21798311,5.473138410850858,2.503103
1,0.36081845,2.2595685,3.0142663,3.767154114051953,3.1128757
1,0.3463198,5.3931775,0.39176086,5.407387498028323,2.7004662
1,0.646832,2.2278066,3.1100419,3.825634952277326,-0.4037118
1,0.46484444,5.0245657,1.8031158,5.338303673874497,1.69289
1,0.39525592,5.381455,0.48390535,5.403167904473325,2.7913988
1,0.66598356,4.9064674,1.8076752,5.228873114179522,1.5732536
1,0.46517652,2.2060447,3.2162678,3.9001297268932835,3.0527353
1,0.49463406,4.765766,1.8183515,5.10087527075815,1.8812401
1,0.40333065,2.229665,3.2777605,3.9642301037593364,2.866517
1,0.62549525,4.6787887,1.8303921,5.024081982314247,1.7033817
1,0.61502486,2.2127094,3.3990147,4.055783867760019,-0.120168775
1,0.5954506,2.19919,3.4609323,4.100547214369735,0.36514175
1,0.5381831,4.519789,1.8302842,4.87631364387259,1.7708979
1,0.6949028,4.44788,1.8457322,4.81563713572246,1.7823241
1,0.5025461,2.2169511,3.5381534,4.175332683168698,0.111362666
1,0.3515185,5.291625,1.0027974,5.385805136899798,1.9118857
1,0.6088408,2.2451477,3.6805484,4.311278681649982,-0.44745985
1,0.546808,5.2365217,1.1289481,5.356835300154691,2.6286752
1,0.4824087,4.3422546,1.8490496,4.719550664817913,1.6450993
1,0.6757101,4.2225184,1.8679864,4.617254214764945,1.7213172
1,0.58669597,2.237354,3.7598865,4.375214271747848,0.40146455
1,0.32539493,5.230019,1.1558646,5.3562228439159,1.9798462
1,0.58767086,2.2481756,3.7864032,4.40353764589655,4.379155
1,0.49163,4.0925174,1.8820032,4.5045126434802505,1.8942118
1,0.5369425,2.2550926,3.846816,4.459084682196889,4.0891376
1,0.33218125,5.13665,1.3853076,5.320173936739577,2.184624
1,0.52140874,2.2952578,3.8945043,4.52054990005926,0.9315516
1,0.44568422,5.094761,1.5074612,5.313099726316289,1.7910208
0,0.3146183,8.734863,-6.7837543,11.059708582537972,3.750852
1,0.5020795,2.3280945,3.9741633,4.6058654873114815,1.1594806
1,0.4271122,5.0380363,1.5859487,5.281765342714313,2.115836
1,0.53861916,5.014961,1.761162,5.31521626761862,2.631431
1,0.43784842,3.6547196,1.8603464,4.100958846947317,1.5645661
1,0.5811859,3.4952552,1.8644783,3.96145030657891,1.6375506
1,0.50650054,3.400382,1.8666402,3.879039013022527,1.5056527
1,0.5301008,2.5344827,4.2133584,4.916908883200729,3.2173429
1,0.5562776,2.5481768,4.336544,5.029793095968942,-0.057351887
1,0.4883902,2.9940941,1.867017,3.528505592327705,1.2845099
1,0.5648686,2.9132626,1.8425407,3.447035724008786,1.3299557
1,0.30747628,2.642927,4.406256,5.13810839983615,3.4855108
1,0.34666082,2.8409505,1.8517072,3.3911384158648255,1.1881639
1,0.52266073,2.6253421,4.5048256,5.214007569899073,-0.15918471
1,0.43069917,2.7467256,1.8506386,3.3120030444218744,1.4095626
1,0.53610086,2.621301,1.8639617,3.216453251322695,1.3630035
1,0.5666433,2.5652208,1.8732774,3.176401450769823,1.3237112
1,0.46155494,4.6904254,2.7901943,5.4575887079932315,3.0129204
1,0.5358518,2.4721775,1.845495,3.0850467217120854,1.2724731
1,0.5546944,2.3984253,1.8423918,3.0243763808901387,1.3516123
1,0.6265972,2.2877088,1.8313513,2.930436753149432,1.3487122
1,0.64783204,2.2144983,1.8476336,2.8840514624629647,1.4741848
0,0.30282083,8.743982,-6.7669454,11.056616991506715,3.749054
1,0.5951399,2.1396348,1.8385352,2.821036882442704,1.2837119
1,0.34941456,2.3409503,4.825871,5.363681319860958,0.9723385
1,0.3043093,4.682748,3.265487,5.7088995139946785,2.8442066
1,0.5437776,2.0566323,1.812411,2.7412715588516394,1.1651926
1,0.44759348,2.326733,4.822017,5.354020627574493,0.88231826
1,0.46783218,1.929574,1.8080046,2.64426482758896,1.153707
0,0.40334973,8.723252,-6.8060236,11.064225401727604,3.7224112
1,0.5346969,2.1842365,4.8333163,5.303945318109907,1.2251227
1,0.4465589,1.8384615,1.7843951,2.562031772913818,1.231365
1,0.34115717,1.714998,1.7809559,2.472452598248536,1.1499071
1,0.51527727,1.6133252,1.7827184,2.404350819358279,1.1086502
1,0.48601314,4.414062,3.8093164,5.830508974343693,2.739141
1,0.410036,1.4658016,1.7896874,2.313342894480329,1.2677631
1,0.4764831,1.3950961,1.7092308,2.2063007597446798,1.1675532
1,0.30180877,1.9799138,4.51167,4.926989607561353,0.8139576
1,0.4808806,1.3540021,1.7696487,2.228223107787596,1.4361296
1,0.34826064,1.8920554,4.472213,4.855981948504762,0.75914776
1,0.32025486,4.265767,4.058595,5.888035698430023,-0.14395668
1,0.47106808,1.8643459,4.3656373,4.7470595644743065,1.1402944
1,0.4344404,1.286011,1.7788446,2.195019902723447,1.6667249
1,0.5754778,1.2565907,1.7225889,2.132213131033369,1.2323085
1,0.3616007,1.8421111,4.304503,4.682106271820942,1.6957121
1,0.54613537,1.1553153,1.7133034,2.066437055794418,1.4336827
1,0.33006063,1.7975628,4.2130327,4.580488720934418,0.053868152
1,0.3791301,1.7273221,4.1454306,4.490905897345055,0.01273397
1,0.3536035,1.0660434,1.6698157,1.9810938102697488,1.2389022
0,0.31303674,8.679082,-6.726564,10.980579225031232,3.761883
1,0.67349386,1.6925968,4.074092,4.411701266262726,3.0962212
1,0.507003,0.981559,1.6573237,1.9261827649977026,1.2362268
0,0.34654745,8.736404,-6.7591095,11.04582828812764,3.7500088
1,0.47631505,0.8838331,1.639959,1.862961715714397,1.199685
1,0.39008382,0.70771897,1.57517,1.7268546017005684,1.0802548
1,0.40984523,0.65673083,1.5638987,1.6961941162664027,1.0087485
0,0.36702278,8.733126,-6.7486744,11.036851363169449,3.7525795
1,0.6735824,3.6775522,4.678013,5.950478593828018,1.3594404
1,0.34905428,0.481944,1.5223768,1.5968409465585347,1.1295348
1,0.42013538,3.5896368,4.7030606,5.916440860934681,1.4658381
1,0.39179865,3.5358436,4.677429,5.863491392594958,1.475799
1,0.5957439,1.8280799,3.254364,3.732661408743335,2.6344755
1,0.58012724,3.4394717,4.6551285,5.787934598815541,1.3202673
1,0.8057929,1.8669323,3.1822743,3.6894859526563635,-0.031196497
1,0.4009775,3.450012,4.629882,5.773940295469337,1.5264118
1,0.78501576,1.9742358,3.0338693,3.6196643102549033,-0.26710168
0,0.31494933,8.799219,-6.7568865,11.094222453628102,3.6989083
1,0.4998596,2.0474267,2.9540386,3.594203754472207,-0.51162887
0,0.31960142,8.72299,-6.8284063,11.077801310944588,3.7211127
1,0.30908564,2.1508045,2.9003203,3.610791741618834,-0.34396666
0,0.34820488,8.736337,-6.799825,11.07073633517345,3.7339396
1,0.32957155,2.1914952,2.795816,3.5523566684357966,2.6668167
1,0.52996874,2.9752092,4.460975,5.362104871726728,0.41449904
1,0.41086647,2.3684592,2.6510015,3.5549131217030387,5.3900166
1,0.7074735,2.9597077,4.4578447,5.350910943456702,0.056237645
1,0.34660357,2.4628873,2.571284,3.5605218314139147,5.5230036
1,0.46287015,2.9262247,4.3355193,5.230632844933402,0.507848
1,0.3040854,2.559738,2.483733,3.566677388207789,5.8804617
1,0.58672005,2.8480663,4.0772796,4.973498876098862,0.41117972
1,0.3947012,2.8544111,2.3825462,3.7180895819991355,0.18708512
1,0.63727176,2.846673,3.8990126,4.8276129886278945,0.11653465
1,0.58420485,2.9700043,2.2743106,3.740777181973139,-0.3321842
1,0.6601058,3.093175,2.2487679,3.82422373754782,2.5796595
1,0.42135963,2.7795656,3.8439794,4.743644477967295,0.3556739
0,0.32453483,8.698846,-6.7258077,10.995745096048978,3.7747273
1,0.6761749,2.7438385,3.73641,4.635666995486409,0.2140219
1,0.43054298,3.160857,2.1374848,3.8157382407790443,-0.36475083
1,0.40424034,3.2637308,2.08352,3.8720788096927574,2.5724587
1,0.313318,2.6162488,3.5317118,4.395195696296154,0.3375696
1,0.71224016,3.4591987,2.0322635,4.012000916242257,2.0034747
1,0.63027173,3.567579,2.0562851,4.117757739655191,2.3774924
1,0.5688604,2.6012099,3.365139,4.253287446383386,0.39098385
1,0.62410307,2.519182,3.2193172,4.087821103237067,0.2857213
1,0.45625144,3.7026103,1.9811788,4.1993323022437705,2.0014539
1,0.72524005,2.507884,3.177288,4.047794664670982,3.2055936
1,0.56271195,3.8402236,1.9608791,4.311886287640705,1.9629756
1,0.41190696,2.541418,3.0139244,3.9424036161050067,0.045170136
1,0.4522895,4.1312237,1.8516166,4.527194819662687,1.6750319
1,0.42889014,2.5184174,2.9124622,3.8503066795372622,3.1166635
1,0.65985155,4.203395,1.8315562,4.58509852778776,2.100417
1,0.51904446,2.4769285,2.8609295,3.7841897681317342,0.13112198
1,0.7577574,4.3309402,1.7866342,4.684987322974382,2.5809715
1,0.68099695,4.4285364,1.656971,4.728370409015511,2.538538
1,0.3880894,2.401547,2.599925,3.5393556721836745,1.0544761
1,0.59773827,4.52448,1.6151996,4.804142817195157,2.013302
0,0.31461504,8.729511,-6.7915435,11.06026354236032,3.7442293
1,0.5812529,2.2695873,2.3998125,3.303047945825473,0.6311065
1,0.4352469,4.6695876,1.5598059,4.923214684677167,2.690148
1,0.7356399,4.736305,1.5153499,4.972813318353539,2.2025595
1,0.32574016,2.2513435,2.3033917,3.2208944047580266,0.64722455
1,0.46716765,2.1803265,2.2117076,3.10571625880804,0.6924355
0,0.3192211,8.744569,-6.7831774,11.06702188434955,3.7771056
1,0.6770449,2.1654727,2.1388156,3.0436500109908,0.4938889
1,0.5613862,4.9247866,1.3816904,5.114938116361145,5.289262
1,0.5957829,2.1218817,2.0531309,2.952579992956521,0.639374
1,0.44160712,5.073222,1.3324184,5.245276187865354,5.119501
1,0.47858953,5.177018,1.2988232,5.33745806854001,4.858466
1,0.45773533,2.0415123,1.8974712,2.787143592116519,0.6100843
1,0.49292502,2.0161474,1.7842599,2.692291601363504,0.6596
1,0.31873053,5.26505,1.182431,5.396192600067789,2.1620407
1,0.4034135,1.9900312,1.7114844,2.6247672931520394,0.5733733
1,0.51348054,1.9691262,1.6276568,2.554745548067097,0.6686237
1,0.41639242,5.477814,1.1210014,5.591340808877208,2.9050868
0,0.36311904,8.728047,-6.783847,11.054383139582221,3.759578
1,0.4729824,1.8972883,1.4640982,2.396515514168364,0.90343213
1,0.41438648,5.4957094,1.0158708,5.588811644485273,2.6232522
1,0.6820817,5.569117,0.95982033,5.651222819107055,2.5324326
1,0.570032,1.8764232,1.3978119,2.339838043868251,0.8095585
1,0.6630817,5.6605215,0.8289167,5.720892166238967,2.838494
1,0.5302795,1.804531,1.3133267,2.231851072586403,0.865685
1,0.696587,5.71484,0.72611797,5.760785146819182,-0.3970223
1,0.4260339,1.7160738,1.0918951,2.0339970719608025,0.9424697
1,0.45011348,5.787144,0.68302125,5.827311359299643,2.6714628
1,0.5147734,1.5923107,1.0288248,1.8957673435114573,0.7573941
1,0.5098541,5.833123,0.60831064,5.864756317930112,2.647516
1,0.3050488,1.5235069,0.9503517,1.7956173683585892,0.90114343
1,0.4768332,6.0296416,0.41048133,6.043597769965086,2.016942
1,0.33718574,1.4842438,0.86482906,1.7178209741725856,1.0636833
1,0.46809307,6.036689,0.3634571,6.047620623845459,2.521862
1,0.3372891,1.4745661,0.7663524,1.6618186615758628,0.92736924
0,0.31804597,8.741877,-6.7804503,11.063223432604376,3.744458
1,0.31481895,1.3796498,0.70271283,1.5483018863852998,4.0119753
1,0.36942157,1.3623606,0.5649105,1.4748390271555463,4.021673
1,0.46824357,0.65364164,-1.4022344,1.5470969301025752,1.9234096
1,0.6144279,0.8746976,-1.392778,1.644666072728349,1.8828712
0,0.32042685,8.737735,-6.756573,11.045328898059514,3.718161
1,0.50638014,0.9923126,-1.3829851,1.7021551608085808,1.7950174
1,0.3801571,6.130961,-1.2616962,6.259437454833826,-0.13474242
1,0.5636884,1.8787757,-1.2110983,2.235298019441205,1.9822785
0,0.33072183,0.42420927,0.23169044,0.48335697497173863,3.0551767
1,0.64694077,1.9830679,-1.2008892,2.3183383956769807,1.8952415
1,0.74926555,2.0820854,-1.1756984,2.3910972776962147,4.904071
1,0.7794673,2.212012,-1.1141227,2.4767452136488566,4.929151
1,0.656502,2.3519766,-1.0648082,2.581784419786572,4.8517256
1,0.41268545,5.932697,-1.777133,6.193149030151622,1.059508
1,0.79249614,2.454077,-1.0258843,2.6598744516214805,1.5164788
1,0.805267,2.5333376,-0.9997169,2.7234598339432234,1.4522973
1,0.6954366,2.6749954,-0.9279645,2.8313810878157883,1.845574
0,0.30866125,0.44247285,-0.6646691,0.7984780661473286,0.016239341
1,0.7518609,2.710888,-0.8801729,2.850195988391186,1.478778
1,0.67972773,2.8349023,-0.7807716,2.940454823092916,1.7738698
1,0.34164494,5.729717,-2.271669,6.163613809517197,1.3758699
1,0.6917586,2.936915,-0.66163075,3.0105190237698993,1.8500149
1,0.42525753,5.662592,-2.2802434,6.1044621141126525,1.8009279
1,0.67524815,3.008497,-0.60159445,3.0680563210660585,1.6978388
1,0.738525,3.0712736,-0.54649466,3.119515603683292,1.4819598
1,0.7224749,3.1644704,-0.4463144,3.195789404164718,1.644201
1,0.32163897,5.4101896,-2.5269456,5.971231474006188,1.572864
1,0.81555176,3.2764974,-0.37412867,3.2977882313655473,4.5602603
1,0.44606674,5.271663,-2.58851,5.87288806371996,1.4529229
0,0.3664529,8.751095,-6.771792,11.065207974306151,3.7762744
1,0.8000267,3.3646727,-0.34062275,3.3818702002036374,4.3762455
1,0.3631242,5.1924796,-2.6511376,5.830126543978169,1.465029
1,0.6877364,3.4522638,-0.25620413,3.461757588582975,4.4259014
1,0.55016696,5.08819,-2.6964464,5.7585157278113925,1.2924371
1,0.4399252,3.5699437,-0.17231679,3.5741000129696934,4.612476
1,0.36974052,5.017446,-2.7489886,5.7211628810858075,1.3424633
1,0.6430442,4.8499794,-2.8509538,5.625854427294522,1.3651589
1,0.59137225,3.6329994,-0.14489642,3.635887764007368,0.9305547
1,0.6410265,3.6964576,-0.038697593,3.696660189220187,1.2713035
1,0.5991538,3.7855592,0.04697163,3.785850689530744,0.9128611
1,0.42558828,3.8268912,0.12099959,3.8288035511502523,0.9559405
1,0.34251785,0.27197945,-3.2054017,3.216919758249818,2.9125526
1,0.60303587,0.2767406,-3.3011515,3.3127310330417457,2.9867132
1,0.4086135,4.5067844,-3.1571817,5.5026268321441725,1.1641402
1,0.40411854,3.9496164,0.17759365,3.953607220696309,1.2366099
1,0.39420184,0.31784517,-3.4268012,3.441510167539298,2.4964032
1,0.33694217,4.4416203,-3.1877043,5.467124479398854,1.302197
1,0.4374257,4.296321,-3.3002524,5.417567760147631,1.2767371
0,0.6065332,8.710889,-6.7005982,10.98988640293493,3.710324
1,0.5105893,4.2144794,-3.3118517,5.360055774569341,1.4547706
1,0.47241464,0.3984779,-3.667614,3.6891973436101377,2.5525453
1,0.30480403,4.218012,0.3996782,4.23690528859928,4.6386366
1,0.45483074,4.089445,-3.427802,5.33604616470613,1.5044637
1,0.3397849,4.2812133,0.46075442,4.30593571505685,4.453266
1,0.32576978,0.46304098,-3.794451,3.8225993233470112,2.0528076
1,0.6624933,4.575122,0.6117493,4.615839779246652,3.184513
1,0.30906746,3.8816426,-3.5195017,5.239660344654389,1.3877308
1,0.5463024,4.5939636,0.60090315,4.633096773068545,1.096735
1,0.3671021,3.824852,-3.5823107,5.2404620405142985,1.5114576
1,0.47765937,4.748586,0.6792148,4.796915955011444,1.4529454
1,0.3342051,3.7388406,-3.628875,5.210341938534848,1.6886731
1,0.5545258,3.5895932,-3.7544234,5.194311610590008,1.5778424
1,0.4565852,4.825733,0.72399634,4.8797408307154155,2.117495
1,0.31951687,0.81113607,-4.312008,4.387636518392253,2.4118102
1,0.6455718,4.9236574,0.80965775,4.989784486202786,4.820596
1,0.42643616,3.5438821,-3.8168201,5.208379435017319,1.8852761
1,0.3236322,0.89323115,-4.3477755,4.438582167507417,2.7088711
1,0.49234688,5.043404,0.817556,5.109238928986555,4.7344165
1,0.5983734,5.1414247,0.881452,5.216436181547439,4.669811
1,0.363249,3.3921564,-3.889449,5.160865890833055,1.8847791
1,0.4621155,3.2321084,-4.009686,5.150155829877527,1.744873
1,0.40149713,5.2432065,0.9539553,5.329281857547741,1.4403818
1,0.56260604,1.265641,-4.7459717,4.911832124382432,2.4251733
1,0.3045389,3.144148,-3.992209,5.081673001821007,1.7905351
1,0.50497633,2.969462,-4.0402055,5.014076635638574,1.9355655
1,0.43649045,1.3700743,-4.8456717,5.035636742795841,0.45516533
1,0.41289103,5.4693356,0.97320557,5.555246145321323,4.9585166
1,0.64322823,5.548167,0.97857726,5.633806244150651,5.206959
1,0.558596,2.8907747,-4.0506854,4.976407466371931,1.83196
1,0.5663574,5.683042,1.0178163,5.773466572152785,5.34319
1,0.4377984,2.8176115,-4.093271,4.969285660186399,1.9087284
1,0.53745925,2.6972804,-4.108712,4.914960575974024,1.8713164
1,0.50612116,5.807394,1.0146064,5.895358584355558,2.436267
1,0.39812824,1.6543325,-4.941364,5.210939696167078,2.1141028
1,0.53453964,1.7038609,-4.974688,5.258389626920571,-0.38566783
1,0.41754544,2.5687993,-4.1878915,4.912958891501137,1.8720195
1,0.32141218,5.8589783,1.0190158,5.9469336806993836,1.7787726
1,0.6123709,5.9962974,1.0310212,6.084290032951924,1.8875282
1,0.59452623,2.5110726,-4.195562,4.889603870783767,2.2615612
1,0.39115322,1.8513931,-5.021029,5.351484623920142,-0.32939416
1,0.6522971,2.4233775,-4.2267723,4.872203122406866,1.9096959
1,0.35843998,6.1350565,1.0729992,6.228181827054314,4.994762
1,0.46902978,2.3386388,-4.2673955,4.866199276745762,1.8178992
0,0.3717757,8.701322,-6.7297726,11.000129005369239,3.7853572
1,0.37025833,2.04747,-5.035383,5.435735306538933,2.6911795
1,0.3424331,6.344673,1.0737829,6.434896294410985,5.057348
1,0.32000378,2.1762772,-5.0583262,5.506618332423664,2.5435352
1,0.30805263,2.266955,-4.2805095,4.843742912041185,1.7771924
1,0.4482409,2.13499,-4.3250084,4.8232644314821655,1.8401395
0,0.44504046,8.69361,-6.729768,10.994027336920759,3.7583046
1,0.4356668,2.0249953,-4.2970266,4.750267824352241,1.9275239
1,0.30378526,6.7648335,1.0674477,6.848533874432399,1.8540063
1,0.52316403,1.7337157,-4.17405,4.519785512038055,2.1974835
1,0.38147447,6.8490515,1.0908457,6.935376916391214,2.1331823
0,0.3047449,8.750301,-6.7781334,11.068462596847517,3.7795315
1,0.5292048,2.7796288,-4.994418,5.715815557324393,3.30447
0,0.304909,8.738959,-6.779046,11.060057634475948,3.790368
1,0.39114645,1.6108991,-4.0941544,4.399669955619829,2.3329644
1,0.4216062,1.4960302,-4.0708137,4.337006967980063,2.5935676
0,0.3308468,8.752476,-6.758674,11.058277768357442,3.7635977
1,0.31272668,3.0702784,-4.6499753,5.572152153648811,0.17244762
0,0.46212304,8.738368,-6.7838855,11.062557586692451,3.7817702
1,0.46373582,1.1844645,-3.823714,4.002966972525489,3.0566876
0,0.31836438,8.732787,-6.7417817,11.032370361838893,3.7354755
1,0.5405471,1.0715104,-3.667367,3.8206955419312463,2.8387868
0,0.32915616,8.736847,-6.8422704,11.097259224352673,3.766407
1,0.37156308,1.0522723,-3.5529509,3.7055008747108547,0.2175608
1,0.3230278,8.025775,1.0781791,8.097872004783687,5.0965195
0,0.3210601,8.749312,-6.744502,11.047116030123329,3.7611203
1,0.3042098,1.0327203,-3.470757,3.6211414189992084,0.27880153
1,0.42906436,8.2531395,1.1015768,8.326330625026014,2.1050582
1,0.40995267,1.0086821,-3.384494,3.5316057954312696,0.89857614
1,0.33368045,3.5078378,-4.0589375,5.36469007466116,3.1059759
1,0.39553374,3.5794137,-3.9197836,5.30819240285178,2.9739225
1,0.42122313,0.8931608,-3.1330047,3.257829771293397,3.1232703
1,0.40889004,3.6468759,-3.8654547,5.314267930207622,0.029903859
1,0.46217966,3.6992471,-3.705561,5.235991908615773,0.11872131
1,0.44337574,0.89393806,-2.994204,3.124801324250878,3.0866468
1,0.3517589,0.8905732,-2.9165132,3.0494539741411533,3.129479
1,0.5111315,0.8499769,-2.8425512,2.9669105050964153,3.1111255
1,0.38958585,3.8695683,-3.3217635,5.099771696478301,3.0918782
1,0.38259917,0.83004445,-2.6049774,2.734022891670839,3.0872765
1,0.72755957,0.7258563,-2.5338495,2.63576561548846,0.37675345
1,0.6253233,0.7424386,-2.4272528,2.5382614045733702,0.5831579
1,0.4456651,0.7324602,-2.3049364,2.4185181026037554,0.41355214
1,0.64121723,0.7174053,-2.1923296,2.3067248633472364,0.30583704
1,0.5409349,0.74183774,-2.0970402,2.2243877297123196,0.52793294
1,0.49215552,0.7513426,-1.9173261,2.0592850568519006,3.016861
1,0.36794606,4.1640406,-2.5974991,4.90777292123288,2.7836204
1,0.3250853,4.337504,-1.9478791,4.75480529258153,3.0940034
1,0.46072176,4.4383993,-1.7326756,4.764614711047113,2.7561827
1,0.32647234,4.457784,-1.663551,4.758071265990161,2.8539774
1,0.70439255,4.605855,-1.267977,4.777202613473775,2.7135367
0,0.40425983,0.4403446,0.83094466,0.9404107683126649,-0.0816799
1,0.5410154,4.811502,-0.6832321,4.859769259340234,2.0089433
1,0.49311802,4.9005904,-0.47634125,4.923686345142407,2.8845682
0,0.33231294,8.73383,-6.7690396,11.049872653969606,3.697739
0,0.30969608,8.736155,-6.752549,11.041617301014844,3.7543502
1,0.3676837,5.468129,0.63189363,5.504518733386785,-0.24580675
1,0.38622773,5.6192274,0.8525684,5.683536699670717,-0.0065652505
1,0.487091,5.7229877,0.997635,5.8092911589565945,2.761924
0,0.3460236,8.740559,-6.755979,11.047199595213458,3.7471337
1,0.6925303,5.731008,1.0679555,5.82966393001048,-0.18248326
1,0.30671057,0.35984454,2.153013,2.1828772609663813,0.14330049
1,0.3418496,5.818171,1.1312169,5.927121055585785,2.990211
1,0.45800596,0.33974084,2.3526914,2.377094951025088,0.111780226
1,0.4493237,5.8544016,1.2419844,5.984692438137616,2.8768466
1,0.6058297,0.32808217,2.4598198,2.4816025913421758,-0.10650404
0,0.3648561,0.4131115,13.756382,13.762583575224495,0.047781557
1,0.3473488,5.9487505,1.308353,6.090929523055901,4.2805223
0,0.38495526,8.718381,-6.806768,11.060843305945161,3.7416825
1,0.30031016,5.971963,1.4219545,6.138916399142772,4.984932
1,0.40366215,0.30408058,2.7012627,2.718323948241903,0.18664452
1,0.4548978,6.1076837,1.6046273,6.3149527137659245,4.546155
1,0.33296117,6.141079,1.7009747,6.372296826074536,1.9401944
1,0.37648737,6.509961,2.2606504,6.891308670555332,0.5755924
1,0.3063855,0.30657727,3.4506073,3.4641997589324434,0.5865675
1,0.38995212,0.29170048,3.614733,3.626483613635029,2.366214
1,0.38867307,0.35254973,4.2179646,4.2326724299971765,-0.24342439
0,0.3715504,8.741578,-6.7931366,11.070767346866138,3.7705064
1,0.47089487,0.7628769,4.544166,4.607757180995291,1.4271218
1,0.33498603,7.3323255,3.685536,8.206471136735107,1.1314552
1,0.42163953,7.338181,3.7873166,8.257885025846367,0.8317442
1,0.30784273,0.89012766,4.558925,4.645010882509622,1.4198226
0,0.31481472,8.80894,-6.746708,11.095741802377141,3.7420993
1,0.61321336,1.0432707,4.7245903,4.83840549087112,-0.00021485239
1,0.39220646,7.4119906,4.01792,8.43097168595269,1.3105512
1,0.3193481,7.429416,4.139614,8.504858984296767,1.0215603
1,0.4189728,7.458807,4.1939425,8.557041182347245,1.0536487
1,0.32515845,1.2322582,4.805107,4.960596075849592,0.6795554
1,0.55861866,7.50157,4.32745,8.660276061981314,4.3171873
1,0.31280658,9.677555,-0.97692734,9.726739377784307,1.7710271
0,0.3068515,8.815676,-6.7749434,11.118273126455076,3.7276678
1,0.3066218,1.3387902,4.8245826,5.00689088907698,3.0496962
1,0.61137503,1.3849182,4.8844886,5.077029441617392,3.7873406
1,0.6009826,1.5111009,4.8866377,5.11494426916941,3.8759809
1,0.32841277,7.6010537,4.433396,8.79948947465979,1.5288769
1,0.38067675,1.6623772,4.870152,5.146054632496593,2.4951496
1,0.34165332,7.6698475,4.5442653,8.91498209884652,4.5804086
1,0.32684764,7.708102,4.5864954,8.969436034438225,1.2920632
1,0.31932336,1.7420701,4.8708477,5.173003381910533,1.6199417
1,0.42317483,1.9054781,4.8687735,5.228364961524629,2.5780926
1,0.3675619,2.0003111,4.869777,5.2645961763833915,2.6141274
1,0.3117799,9.068911,-1.0180839,9.125877024687904,1.7483423
1,0.6762308,2.10375,4.858421,5.294338282805813,2.5890403
1,0.45843065,8.979206,-1.0397186,9.03920134468234,1.7082422
1,0.59229964,2.1894157,4.8439336,5.315753254809296,-0.77392197
1,0.30570614,8.874457,-1.0693365,8.938650630696797,1.546097
1,0.405127,2.3005667,4.799519,5.322404492167715,2.4652839
1,0.32363257,8.78462,-1.0478734,8.846897387434144,1.6276699
1,0.67399496,2.3648121,4.7865534,5.338860310294867,2.421337
1,0.7146575,2.5055697,4.7117224,5.336497599973365,-0.43178204
1,0.3867419,8.126694,5.170422,9.63205133727324,1.5991387
1,0.64734715,2.672548,4.70998,5.415387848748062,2.5817027
1,0.3681589,8.424325,-1.0589497,8.490620093823344,1.6539235
1,0.6182406,2.7567406,4.6540256,5.409211863366796,2.6697352
1,0.4831131,8.313417,-1.0606365,8.380802706418178,1.7320977
1,0.6086872,2.8087997,4.5399537,5.338589323497905,2.4937997
0,0.43374512,8.709953,-6.8036985,11.052312092955829,3.7405784
1,0.4304372,8.202444,-1.0600337,8.270656734345998,1.698731
1,0.6650076,2.9099174,4.466173,5.330508596692633,2.5514894
1,0.3924475,8.121151,-1.095571,8.194716207304664,1.5516866
1,0.6285592,3.0014997,4.3457246,5.281507497074144,2.9137802
1,0.3374396,8.014078,-1.122063,8.09224778304081,1.8078052
1,0.5034889,3.0800822,4.3060336,5.2942262401538525,2.9754157
1,0.3682043,7.8775907,-1.1345812,7.95887605371073,1.88693
1,0.5140035,3.1740837,4.24835,5.303139372195279,2.6531498
1,0.34196872,7.7377963,-1.1930442,7.829230377062559,1.913464
0,0.37253934,8.709095,-6.8268056,11.065876073824883,3.7580814
1,0.3110517,3.396744,4.0495667,5.285533003478398,5.1278467
1,0.5255786,3.4776366,3.9908588,5.293478087520673,-0.27472085
0,0.3011126,8.734219,-6.745936,11.036042207245206,3.7672577
1,0.6026374,3.8411262,3.820186,5.41738609035778,2.777076
1,0.5146407,3.9185543,3.6945128,5.385582021785473,-0.3155932
1,0.32599363,4.0243564,3.5869298,5.390872673205234,3.1581123
0,0.31608474,8.714303,-6.7667694,11.033052551138846,3.7427354
1,0.33331028,4.3616905,3.3751688,5.515079979269056,3.6143286
1,0.59280807,6.4928646,-1.3300327,6.627690182910222,1.7089022
1,0.3960761,4.4843345,3.3052485,5.570809832998661,5.1934094
1,0.3901409,6.3896146,-1.3401722,6.528647456392731,1.8005257
0,0.32885724,8.81315,-6.767455,11.111708684322762,3.7652953
1,0.519422,4.7335043,3.2166383,5.7230082016345705,2.4209526
1,0.5970889,4.764943,3.1169038,5.693836413333864,2.6277845
1,0.49593818,6.2011933,-1.3612342,6.348839132573673,1.7239628
0,0.32033107,8.701207,-6.7436275,11.00852012119654,3.7813706
1,0.45620114,4.9315343,2.9657478,5.754623544478985,2.4557915
1,0.5014949,5.0512567,2.8944073,5.821751277180227,2.8623927
1,0.34184527,5.863709,-1.373591,6.022444389596408,1.7640759
0,0.41457385,17.998129,6.457758,19.121592099608968,4.30871
1,0.3404206,5.734815,-1.3989035,5.902968367946631,1.8032094
1,0.40657017,5.6942058,-1.4095728,5.866078522129004,1.8323023
0,0.34054515,18.14537,5.824133,19.0571505685653,5.1903896
1,0.37802255,5.5402102,-1.4470061,5.726059541563916,1.8789352
1,0.48974392,5.4296246,-1.4698688,5.625063408388271,1.761879
1,0.32176855,5.3869557,2.493626,5.936115304202333,0.0036621392
0,0.45651892,8.743762,-6.7909365,11.071142236900739,3.7368026
1,0.30333632,5.3564487,-1.5011746,5.562828997194356,1.5306271
1,0.44330198,5.2026815,-1.5402304,5.425882842483915,1.6219195
1,0.38636494,4.884464,-1.5243051,5.116785304447182,1.8660032
1,0.3702508,5.6502194,2.1048076,6.029526854720599,0.51263773
1,0.44542807,4.5627117,-1.4999003,4.802919834895195,1.8113077
1,0.5341011,4.368962,-1.5110326,4.622883080246873,1.469913
1,0.5098323,5.6533337,1.677319,5.896912960057668,0.20612043
1,0.45871443,4.258766,-1.5092255,4.518279565828719,2.0839663
1,0.4173421,5.626391,1.5604199,5.838765839065435,0.40523058
1,0.527902,4.152092,-1.5133929,4.419301500665481,1.9526491
0,0.35733503,8.7430105,-6.773596,11.059920015511493,3.7731009
1,0.319728,5.5008063,1.4804364,5.696539434028128,1.1504084
1,0.36140272,4.0409126,-1.5285703,4.320359076305785,1.9052899
1,0.32763252,5.47112,1.4459823,5.658976703785267,1.0187929
0,0.30195642,8.738063,-6.7852774,11.063170331915204,3.7438536
1,0.42304626,5.4371386,1.4031222,5.6152673232729,1.6059302
1,0.5138283,5.34656,1.3447291,5.513075285149972,1.5729191
0,0.3277654,8.749225,-6.8094025,11.08678946470824,3.778191
1,0.30412793,3.8397832,-1.5660661,4.146866150582824,1.7099024
1,0.35129356,5.2174172,1.3269457,5.383514402826415,1.6456997
1,0.32087806,3.5701363,-1.5397975,3.888039338701705,1.6687629
1,0.44273117,3.4745162,-1.5092508,3.788152652319195,1.5433114
1,0.5170861,5.0899277,1.3930297,5.2771106275998925,1.9411664
1,0.4949639,3.3347178,-1.5009762,3.65694844674336,1.7602816
1,0.5136472,3.2404554,-1.4811794,3.5629262836463167,1.7501479
1,0.3562847,3.1977618,-1.4634967,3.516746104881433,1.9704999
1,0.5529225,3.1014879,-1.4561065,3.4262914853957636,1.8973722
1,0.6121502,2.9814734,-1.4819388,3.3294634925821756,1.9566263
1,0.3924659,4.805092,1.6611681,5.084130876022604,1.952459
1,0.6802945,4.738277,1.6984202,5.033477858601083,2.2622325
1,0.52527666,2.8884773,-1.4628679,3.237789839212501,2.1226387
1,0.36766043,6.2209954,1.7854778,6.472149089496465,1.9110373
1,0.7305587,4.6953063,1.8109388,5.032434738653221,2.0051453
1,0.55326355,2.7234516,-1.4813521,3.100256964585349,1.9084606
1,0.3157869,6.1264834,1.8515308,6.400153408596114,1.8308207
1,0.5618042,4.5917063,1.8654989,4.9561933285719055,2.538477
1,0.5405043,2.589094,-1.5038126,2.9941374398629503,1.7677965
1,0.65052,4.525191,1.9478827,4.926621440289275,2.5074103
1,0.56260884,2.474317,-1.5478978,2.918601093945703,1.888969
1,0.4050517,5.9319816,2.0222993,6.267224190984282,1.8737518
1,0.6309238,4.4107914,2.0256045,4.853674191008892,2.3327403
1,0.39632794,2.429753,-1.5126575,2.862137757414802,1.9480002
1,0.6357533,4.371538,2.108814,4.853600901539576,2.5460896
1,0.6012498,5.719968,2.2034354,6.1296951048855135,1.3977352
1,0.55556643,2.2842581,-1.5164957,2.741823177643551,1.8262541
1,0.6405167,2.1921978,-1.5188148,2.66693264906309,2.0211644
1,0.624341,5.6029434,2.3229158,6.065386527403397,1.6696032
1,0.3544151,4.345332,2.2588332,4.897370680094276,1.7323096
1,0.45066276,2.1406362,-1.5203114,2.6255799515711353,1.9726114
1,0.38139454,4.256119,2.2185903,4.799655170770165,2.6824284
1,0.5726909,4.217493,2.3857274,4.845507493657785,2.638051
1,0.46174255,5.452881,2.514862,6.0048681219581646,2.0264769
1,0.36358508,2.0071769,-1.5394785,2.5295756889642047,1.8044802
1,0.6037326,5.345426,2.6635988,5.97229761278143,2.6471474
1,0.46321946,4.153724,2.4782553,4.836855996805972,2.1470578
1,0.4147465,1.8937737,-1.5212649,2.429120356367505,1.8107649
1,0.7687802,4.1002107,2.5485315,4.827705439142793,2.5954108
1,0.53302604,5.2839007,2.7723503,5.967037254773387,1.8347207
1,0.49294356,1.8432842,-1.5326217,2.397212109987048,1.9085519
1,0.5720134,4.0461707,2.6402295,4.831387994332708,2.7750201
1,0.56718045,5.206314,2.8482134,5.934477669308356,2.7275996
1,0.45447496,1.6923856,-1.5715185,2.3095106443798663,1.7854316
1,0.3986271,1.6502286,-1.5392034,2.2566349958548018,1.9053307
1,0.36969477,5.126106,2.9511988,5.914941598921526,1.7723727
1,0.5254233,3.9769619,2.790784,4.8584668454668885,1.6988935
1,0.35814118,1.511315,-1.5928007,2.195697357001853,1.7760035
1,0.35167053,5.0086575,2.9675272,5.8217581572916774,1.7952859
1,0.5946976,3.9221194,2.8276048,4.835118238232189,1.8472314
1,0.46891588,1.3298175,-1.6281753,2.102229583260031,1.931202
1,0.59633493,3.8635738,2.9049127,4.833809971601359,1.6771146
1,0.36706072,4.8551126,3.2440093,5.839153583276587,1.9091293
1,0.6140993,3.8181472,2.9778237,4.842074196626355,1.8166672
1,0.51578987,1.2438045,-1.6361079,2.0552126137298488,2.018495
1,0.49037147,3.7387702,3.0537357,4.827391139679289,1.6983742
1,0.33174118,1.1888654,-1.5718004,1.9707758335277115,1.771962
1,0.4145586,1.0487232,-1.588697,1.9036224266384034,1.8761094
1,0.37165022,4.7405634,3.3429153,5.800691484469593,2.0790386
1,0.48930913,0.95206416,-1.5619469,1.8292359457024807,1.8353533
1,0.47840753,3.5983183,3.1521232,4.78369895698502,1.7556298
1,0.45400712,4.6319304,3.4408016,5.7700862837080305,2.8341682
0,0.33587337,21.567501,3.84585,21.907707829746034,1.1986725
1,0.40586203,4.6033263,3.4461179,5.750334025093367,1.4276928
1,0.3706586,0.9174548,-1.5228474,1.7778603274663851,1.7959292
1,0.34922802,3.5748231,3.2244666,4.814202341972461,1.4752825
0,0.30388635,21.673393,3.6620467,21.98059474650666,4.434796
1,0.38657472,3.506056,3.2686524,4.793382597251425,1.5189338
0,0.3182776,8.73714,-6.796043,11.069047100402884,3.786074
1,0.48277625,3.453785,3.3327527,4.799569929247547,1.6156023
1,0.39888078,4.502136,3.4838526,5.69266719634563,2.7078028
1,0.39606276,0.71784073,-1.5298432,1.689886242688948,1.8938591
1,0.5182784,4.477867,3.4469874,5.650930695975035,1.4514756
1,0.32692668,3.4255424,3.2986393,4.755561183221008,0.42139935
1,0.544305,4.4045563,3.4248824,5.579420778025415,1.1456866
0,0.3540107,8.744616,-6.7683024,11.057947978760641,3.7630687
1,0.35063848,3.3027794,3.4052916,4.743876274348145,0.7250285
1,0.35602614,4.354147,3.3636634,5.502074803966,0.5426378
1,0.31831178,3.2864468,3.3935544,4.724081299291371,0.65814495
1,0.7370798,3.246695,3.3592837,4.6718109024396846,0.36448666
1,0.60984933,4.261044,3.2931998,5.385318875731552,0.8078134
1,0.7528016,3.254891,3.2654297,4.610569065411947,0.10911539
1,0.56448185,4.2431293,3.1852043,5.305626585231386,0.6094632
0,0.34376758,8.720918,-6.7858167,11.049964483557883,3.763952
1,0.6020985,3.247249,3.2193754,4.5726364617609585,0.13018256
1,0.32527998,4.12869,3.101982,5.1641430177629815,0.53844047
0,0.31665802,8.730714,-6.7773566,11.05250779084986,3.7283993
1,0.6746801,3.1642601,3.1515355,4.465950896195183,0.283963
1,0.45925647,4.1582084,2.9679236,5.108744264454302,0.44388855
1,0.5886371,3.1650918,3.0997016,4.430119353811325,3.1139216
1,0.337668,4.16753,2.8173115,5.0304623573714045,0.43169212
1,0.62039196,3.1280222,3.0222578,4.349547544604317,3.3776898
1,0.45654345,4.150913,2.6490493,4.924178877022547,0.7874169
1,0.580985,3.118024,2.926039,4.275953594730316,3.2875195
1,0.5657939,4.116448,2.5908122,4.863892641664562,0.6292671
1,0.76604426,3.1009777,2.8879063,4.23745986784439,3.3230484
1,0.5836098,4.1423345,2.468315,4.821982417514031,1.0049179
1,0.70112157,3.0798726,2.7766461,4.146731153234093,3.2505536
1,0.6360094,4.1019554,2.3715353,4.738166122107117,0.08639872
0,0.3818524,0.4324109,0.21056798,0.4809553582021979,3.0640717
1,0.8324853,3.0989442,2.7219937,4.124646027145016,3.2369006
1,0.6670223,4.049449,2.2281597,4.621983549688786,0.34740198
0,0.34555674,0.45438606,0.25395307,0.5205370696185002,3.0290022
1,0.5520826,4.0484076,2.1006467,4.560956301883993,0.2650938
1,0.52575636,3.095871,2.5749485,4.026757627769252,3.1332653
1,0.5995406,3.08895,2.463613,3.951075931276122,3.061303
1,0.3870531,3.9926765,1.9397686,4.438937531927377,0.66595984
0,0.3369753,0.45000958,0.47224885,0.6523247676074843,3.050456
1,0.65984637,3.063601,2.4117208,3.8989805405222393,0.022150058
1,0.37670767,3.9274137,1.8310473,4.3332797316145975,0.69584095
0,0.30212015,0.45234603,0.5015869,0.675430493477035,-0.0797311
1,0.49629217,3.8735318,1.7156684,4.2364805272407935,0.80784696
1,0.43499076,3.0855274,2.3221815,3.8617361159014245,0.16927567
1,0.7100961,2.9962995,2.1912036,3.7120323734351595,0.4063881
1,0.5268297,3.8752835,1.6051795,4.194570692462744,0.59603846
1,0.74198055,3.0078425,2.179625,3.714550050824208,0.07962512
1,0.46351913,3.8313875,1.4032551,4.080276331052119,0.49440393
1,0.56485635,3.0754561,2.1410131,3.7473147632912642,0.22814941
1,0.4670537,3.8188078,1.2912041,4.031191093546724,0.55281115
1,0.55451447,3.0746825,2.0649123,3.703719079374258,3.143373
1,0.52093244,3.7497582,1.2813572,3.9626459955221383,0.42026365
1,0.39920616,3.607775,0.6997024,3.6749997093563875,0.74541867
1,0.39138088,0.99182117,0.5327835,1.125863009150416,1.2737362
1,0.34471774,3.5375965,0.6270252,3.5927356117623503,0.87064135
1,0.652985,3.4736266,0.39782295,3.496333108731826,0.85914767
0,0.45698297,8.729976,-6.7834134,11.05563986622043,3.7358541
1,0.30874786,1.0794104,0.7825421,1.3332288174594356,1.1237614
1,0.5454273,3.2438269,1.4374214,3.5480406606036627,1.913203
1,0.42899168,1.1722426,0.92658156,1.494224236835385,0.8259815
1,0.40592748,1.2209159,1.1093361,1.649624943733142,1.0276694
1,0.52281994,1.2357881,1.1697271,1.7015973860822364,0.8644718
1,0.40616718,3.2776089,1.268196,3.514404763277691,0.58804023
1,0.55331385,3.30819,1.1555479,3.504199233718352,0.73134494
1,0.36539665,1.3190393,1.2513332,1.81815836089348,0.87920964
1,0.32050577,3.3412907,-0.09483936,3.342636350762299,0.7869311
1,0.65238696,3.268665,-0.13141733,3.271305819520936,1.1717509
1,0.4229088,1.3685124,1.369532,1.9360898946982765,4.293396
1,0.5983538,3.1942348,-0.25376952,3.2042994881339917,1.294339
1,0.5140272,1.4599721,1.4669031,2.0696191166405153,3.8349016
1,0.6921332,3.1876264,-0.31936944,3.203585261330082,1.4050965
1,0.68031555,3.4704356,0.95416117,3.5992147277981785,2.941573
1,0.4709603,1.5413655,1.5747505,2.203553286647992,3.9830782
1,0.7583871,3.4772065,0.84178257,3.577647747878199,-0.023173906
1,0.74099404,3.1019292,-0.37849185,3.1249353020646433,1.4562191
1,0.5482553,1.5535494,1.6451675,2.2627620102720956,0.62439716
1,0.72570443,3.0121372,-0.46590284,3.047956069479521,1.3684603
1,0.5321981,1.6717883,1.7421682,2.4145448073264064,0.7494745
1,0.36869633,3.5260012,0.7697722,3.6090489359957574,0.651778
0,0.3091204,8.693665,-6.757564,11.011106952453027,3.7994323
1,0.5861714,2.9025261,-0.56877565,2.9577294033204935,1.401926
1,0.5086975,3.5431018,0.64945555,3.602133087173482,0.73525107
1,0.47144917,1.7154294,1.8191073,2.5003698075483776,1.5240012
1,0.7143161,1.8232563,1.9159291,2.644815224032655,3.967565
1,0.65041196,3.5956962,0.5564263,3.638494432988953,3.1206043
1,0.6235444,2.8381324,-0.6633365,2.914620271948111,1.1459402
0,0.32966715,8.731581,-6.764495,11.04531093893662,3.7642386
1,0.7051627,1.8963153,1.9976645,2.754391977748218,4.303774
1,0.62668777,2.7690165,-0.7019516,2.8566043959440304,1.6659638
1,0.4886128,3.5640135,0.4730301,3.5952677299964746,0.6779865
1,0.65747494,1.959159,2.0869517,2.8624591141491926,4.2539196
1,0.46271095,3.575795,0.33046734,3.5910330411898856,3.5073357
1,0.4076064,2.6989777,-0.753139,2.8020883061436956,1.639915
1,0.64813614,2.588838,-0.874968,2.7327003800613596,1.6420978
1,0.5754273,3.5713506,0.18466903,3.5761218731570605,3.590437
1,0.49960786,2.0190785,2.2074938,2.9916060956031627,0.73858595
1,0.68752533,2.0819812,2.2511208,3.0662992616685956,1.2145367
1,0.4774686,2.5411053,-0.94640505,2.7116227836629725,1.8285687
1,0.44865286,3.5777893,0.111139044,3.5795150788574794,0.24240758
1,0.67555726,2.4536338,-0.9934543,2.647124918879183,1.6229805
1,0.57277155,2.16367,2.3490908,3.193696226499666,1.1733321
1,0.50757736,3.5773237,-0.018702105,3.577372642612017,0.42327717
1,0.6527859,2.2054458,2.3845682,3.2481004592411784,0.59254766
1,0.61515886,2.350988,-1.0196089,2.5625663376571928,1.6528677
1,0.57226235,3.623146,-0.12745185,3.6253871053327784,0.2912857
1,0.55564445,2.326453,2.4273918,3.3622336356582885,4.0467625
1,0.441262,3.6322303,-0.23822214,3.6400338540232093,0.6839963
1,0.42939714,2.300636,-1.0329912,2.521903407280758,1.6630908
1,0.6787242,2.2206783,-1.0230042,2.444984584673943,1.8216397
1,0.61654645,3.6998563,-0.32004586,3.7136727943471435,0.11021061
1,0.54666215,2.409088,2.4959774,3.4689490458797687,1.1543015
1,0.73238146,2.505722,2.533906,3.5636109075627895,1.0345161
1,0.5997993,3.6397462,-0.4523148,3.667743322495716,3.1169112
1,0.52981293,2.1733358,-1.0257912,2.4032553331130826,1.9753811
0,0.32044983,8.746457,-6.802884,11.080601941225162,3.7375002
1,0.48835826,3.617348,-0.6077326,3.66804375942506,0.0630987
1,0.4537918,2.1521337,-0.9913759,2.369494833888073,1.9178636
1,0.36939692,2.5778964,2.553659,3.6285979732319165,0.85037637
1,0.58887225,2.6746047,2.6222644,3.74563484443938,1.0352588
1,0.50932515,2.00699,-0.9437517,2.2178088058950474,1.4268689
1,0.52983564,2.7948403,2.698474,3.8849573486029247,0.010565955
1,0.5245555,3.6505325,-0.8500699,3.7482004298192444,0.44298372
1,0.42862344,1.9927483,-0.88486314,2.180373435976622,1.9909723
1,0.66866785,2.845002,2.703618,3.924740417060547,1.5948097
1,0.586077,3.623411,-0.9383105,3.742931061142697,0.14386597
1,0.3551099,1.9630185,-0.8302674,2.1313811589040683,2.0556993
1,0.68727905,2.9657147,2.771398,4.059077537861777,4.47521
1,0.6250222,3.613561,-1.0380152,3.7596938406296534,0.061691996
1,0.42884925,1.9291259,-0.78379214,2.0822720558371484,0.754748
1,0.328997,1.833225,-0.7578921,1.983712273415051,1.670371
1,0.57515186,3.1407657,2.830376,4.227935286027556,1.5268725
0,0.39678958,8.733551,-6.8078914,11.073495346742867,3.7427533
1,0.32968548,1.6867263,-0.64358914,1.8053400750651807,4.447504
1,0.340394,1.680182,-0.6130368,1.788526096472473,0.9725845
1,0.43171173,3.3062456,2.933485,4.420021989862623,4.6280155
0,0.40793654,8.731074,-6.7642927,11.044787003210567,3.7300441
1,0.67248386,3.403668,2.9771895,4.522014176573838,4.4583106
1,0.4598487,3.5931368,-1.6188898,3.940994407527879,0.029913966
1,0.33946037,1.6484003,-0.4188221,1.7007749950765279,1.896464
1,0.69609505,3.4922917,2.9848695,4.594077377591059,4.7931294
1,0.41854623,3.621846,-1.7141647,4.007010039364315,2.8991432
1,0.5367796,3.72136,-1.8231486,4.143958480906812,3.2160952
1,0.44130462,3.5981188,2.9563222,4.65685498704451,5.295405
1,0.6148907,3.6694803,-1.9821646,4.1706189039801185,3.3290431
1,0.37888473,3.668344,2.9559314,4.711080419292481,1.7197052
1,0.3154055,1.6380141,-0.07760661,1.6398514876925965,0.91810095
1,0.5521488,3.7046604,-2.0529025,4.235435887843679,3.1105242
1,0.53736603,3.7778225,2.9144955,4.771396831344881,3.113527
1,0.6026284,3.7173007,-2.1626856,4.300643322748581,3.0530322
1,0.32537475,1.6975459,0.057764888,1.6985284214196599,4.935993
1,0.7419918,3.95386,2.948824,4.932400158095456,2.704671
1,0.7327314,3.7271657,-2.2183127,4.33735812172274,3.2180326
1,0.417593,1.6675605,0.1431036,1.6736895260131384,4.8753657
0,0.3105128,8.731576,-6.758016,11.041340219722253,3.7918096
1,0.6843241,3.715633,-2.346924,4.394767354768517,3.0294666
1,0.46450073,1.7132114,0.24568799,1.7307385649776523,4.7345505
1,0.4075353,4.0113206,2.918067,4.9604242014223585,4.765245
1,0.5902408,3.7166975,-2.4148173,4.43228874998374,0.047329225
1,0.38662302,4.119364,2.8864686,5.029995969311899,5.4934688
1,0.49176472,3.630084,-2.5473728,4.434706117339453,3.2714827
1,0.46990085,1.6670116,0.4601128,1.72934426311038,1.1476742
1,0.40038604,1.6726215,0.56686705,1.7660693394407385,1.130315
1,0.32075545,4.3426504,2.824635,5.180460922472314,5.439844
1,0.5432631,3.5831923,-2.728158,4.503566811864865,0.5656849
1,0.48726657,1.6741736,0.64168346,1.7929347082825025,0.9896641
1,0.565745,3.5687246,-2.812911,4.544036083843791,0.58720005
1,0.43500665,1.6837515,0.71872544,1.8307335004759744,1.0873555
1,0.36523116,1.7078923,0.7963979,1.8844484052389034,0.9711032
1,0.33607283,3.5606008,-2.8403094,4.554693781486878,1.329648
0,0.31368032,8.792001,-6.788464,11.107768569024465,3.6959205
1,0.37610048,1.7562163,0.8615464,1.9561589594610058,1.1159152
1,0.4796286,1.8686304,0.92725563,2.0860447088115452,4.2998185
1,0.45355055,1.8817141,1.0517124,2.155677830067252,1.3386756
1,0.3793971,3.54891,-2.955568,4.618456980659466,1.8575934
1,0.5735602,3.4969318,-2.9923484,4.602464778502223,1.9277439
1,0.49207988,1.9669619,1.1296377,2.2682637599988933,0.8191643
1,0.5854071,3.4267898,-2.9905775,4.548235188384328,2.0981529
1,0.46812227,2.060628,1.2106462,2.389948132004005,1.3065672
1,0.6912884,2.1653829,1.2760311,2.5133917711009244,1.1206206
1,0.6566149,3.2920449,-2.9992332,4.453421171277671,1.9192842
1,0.6836687,2.2006006,1.4528399,2.6369275271800423,1.3506488
1,0.35518616,3.2694101,-2.934993,4.3935437258490175,1.9069574
1,0.34081197,4.544779,1.9067941,4.928577715314879,0.42261684
1,0.73028296,2.2998087,1.4475212,2.717432163097205,1.1293612
1,0.39002335,4.575227,1.7234879,4.889080742240855,0.12409604
1,0.6853275,2.3427277,1.5632385,2.816396176218331,1.0257415
1,0.59070784,4.5896573,1.5432926,4.842179960704743,0.26539883
1,0.30122876,3.136185,-2.8415515,4.232029339059473,2.375489
1,0.6943274,2.4215188,1.6091667,2.907433709711571,1.0835896
1,0.6285409,4.5860243,1.4192173,4.800603653778744,0.041775674
1,0.31080887,3.0123377,-2.824906,4.1296820223047055,2.1960611
1,0.65056986,4.5981283,1.3038806,4.7794233834656215,0.13696039
1,0.6485087,2.4780123,1.7022271,3.0063469821569204,0.98037744
1,0.30453077,2.9215465,-2.8007224,4.047156835926901,2.33887
1,0.6578897,2.5324774,1.7307076,3.0673751952408606,0.8419635
1,0.6191141,4.6069317,1.1743944,4.75426352043133,3.0435317
1,0.514819,2.8940275,-2.7029104,3.9599393832258647,2.4910371
1,0.4978039,2.605915,1.7558132,3.142240194355912,0.96554977
1,0.33336523,4.6223407,1.0159656,4.732675782499353,3.0497997
1,0.69496924,4.6030817,0.9247243,4.695048040727201,-0.10443644
1,0.5542108,2.7270024,1.7861384,3.2598823540177233,0.9527496
1,0.4886593,2.764803,-2.5428193,3.7563367075123972,2.7140832
1,0.55523634,2.7929742,1.8313693,3.339853030186303,0.8583987
1,0.51659554,4.589372,0.8292402,4.663686868183559,0.0071316883
1,0.36946794,2.745467,-2.4775705,3.6981000971185334,2.8789024
1,0.50304824,2.8598628,1.8733265,3.418796216802266,1.022043
1,0.36146381,4.600513,0.6904298,4.652033387921241,0.119410865
1,0.54948956,4.5827985,0.57444775,4.618661403193422,0.0192682
1,0.30179596,2.6405487,-2.3277125,3.520048757562207,2.945319
1,0.66334647,4.672508,0.48889348,4.698015142904393,3.1849983
1,0.3329196,2.635188,-2.2648697,3.474744685831445,2.9379942
1,0.8016959,4.692769,0.3531933,4.706041616661917,3.0285165
1,0.4736841,2.6670446,-2.1666846,3.4362260712046813,2.919835
1,0.73214215,4.640176,0.22717209,4.645733317622922,3.2237363
1,0.65797,3.0948915,2.0121858,3.6915098468432697,1.3033502
1,0.4555119,2.645258,-2.0437422,3.3427941212751118,2.896562
1,0.7258598,4.627951,0.08715054,4.628771713168822,0.114437625
1,0.3482099,3.1501002,2.0136745,3.7387186111464072,1.450758
1,0.52533567,4.6303706,-0.012656368,4.63038795674886,0.3375847
1,0.4997679,2.6677258,-1.9125626,3.2824771584546277,2.9543035
1,0.33203596,3.2155578,2.063359,3.8206365092981094,4.7641
1,0.7454958,4.6333838,-0.12310444,4.635018709509165,3.2339752
1,0.80775374,4.671909,-0.22541302,4.677343733688617,3.0452244
1,0.7243587,2.7459974,-1.7427981,3.252360293813391,-0.30200914
1,0.7891511,2.767268,-1.6612432,3.2276154432622484,-0.39955804
1,0.6317092,4.672221,-0.32261696,4.683346344917296,3.027018
1,0.7174746,2.761191,-1.5379037,3.1605889739656936,-0.25972354
1,0.6432159,4.6810026,-0.44550744,4.702155029038734,0.011446636
1,0.33768606,3.2486129,2.1457295,3.8932814510581326,0.11523004
1,0.6594482,2.8145714,-1.4718803,3.176199534742279,3.1748335
1,0.4074697,4.6563287,-0.5787628,4.692159752600171,0.11521475
1,0.5905751,2.8396015,-1.452953,3.189734928275184,1.3512995
1,0.39870304,4.617888,-0.67886776,4.66752089901839,3.0870235
0,0.3245356,8.748031,-6.8052287,11.083283464897992,3.7944057
1,0.48719782,2.8940058,-1.4450017,3.2347024208235506,1.8513073
1,0.33085698,4.670429,-0.7841705,4.735803369770425,0.11249338
1,0.440885,2.9529593,-1.3538988,3.2485398166794504,4.928379
1,0.49408892,2.9708042,-1.3981845,3.2833820500769595,5.041922
1,0.30631188,3.117837,2.1627069,3.7944971495791195,1.4789879
1,0.5589525,2.9996433,-1.4510345,3.3321706333500902,5.1412582
1,0.6467905,3.0017107,-1.4923373,3.3522139051828233,3.2202199
1,0.39801857,4.7364244,-1.1891774,4.883426914468473,3.0708513
1,0.7209158,2.9986396,-1.5404856,3.371191914036436,-0.2987109
1,0.39495248,2.9745924,2.0397441,3.6067653981889705,0.5961467
1,0.6616255,3.0219023,-1.5779667,3.4090868134907484,2.3728492
1,0.3777203,4.7275357,-1.4234682,4.937191144723498,2.8039439
1,0.64774483,3.0716748,-1.6819428,3.5020163041568035,2.2403152
1,0.7352278,3.091817,-1.7042168,3.530394729071269,2.2071135
1,0.31444415,4.7301373,-1.6462321,5.008420719816722,-0.18228719
1,0.56683034,4.742632,-1.7535987,5.056447873764512,2.7521174
1,0.52609557,3.1143684,-1.7158704,3.5557702731493492,2.5730095
1,0.5928547,3.1213932,-1.7845178,3.5954970384144485,2.4574318
1,0.594924,3.1356664,-1.8727947,3.652364116754711,2.6126852
1,0.7512573,3.1929586,-1.9544579,3.7436465801544423,-0.5176153
1,0.69416857,3.2702103,-2.0326736,3.850459252251226,2.643915
1,0.45255643,4.743041,-2.1848674,5.222076634932076,2.708711
1,0.77478373,3.2943683,-2.1101158,3.912218097122542,2.7413797
1,0.43682504,3.0069063,1.4750838,3.349232394967248,0.576315
1,0.73892987,3.3315074,-2.2120125,3.9989925546350253,2.9494483
1,0.68092513,2.9734228,1.3900119,3.2822820584418753,0.788862
1,0.33937487,4.7788043,-2.4328547,5.3624390498612255,1.9696621
1,0.668084,3.3926432,-2.2975116,4.097387895988178,3.105298
1,0.42032176,2.915083,1.3053484,3.1940010942565915,0.67076814
1,0.7558329,3.4290097,-2.3874106,4.178257549639927,3.0694165
1,0.3820135,4.7825513,-2.5880017,5.437880930218173,0.051764
1,0.38109872,2.9384892,1.1664045,3.1615215129708574,0.64753973
1,0.7579316,3.440655,-2.4830103,4.243046850905548,-0.06362964
1,0.821371,3.4607499,-2.5558171,4.302207717144197,3.0375257
1,0.6673332,4.753637,-2.8163126,5.525276363589695,3.1056023
1,0.48414215,2.9569166,0.9983461,3.1209053679752827,0.7840867
1,0.6434382,3.4663212,-2.6422675,4.358550181686486,-0.090126365
1,0.44555688,4.711682,-2.9218566,5.544113288338421,3.062436
1,0.42902485,2.9647381,0.8954428,3.097013043542135,0.48942965
1,0.7202117,3.5448985,-2.703688,4.458277027570789,3.1117454
1,0.52840316,2.9962811,0.84626335,3.113496894978227,-0.08570024
1,0.48694584,4.7384863,-3.0113676,5.614408906717267,3.0096855
1,0.57633954,3.4876792,-2.8129747,4.480706711613475,3.0481598
1,0.54683185,4.709043,-3.0892355,5.631914763000687,3.1045234
1,0.5200381,3.5298724,-2.8296783,4.524055610024887,3.0548065
1,0.40857473,4.6584616,-3.196777,5.649835985892022,1.5202435
1,0.7440858,3.098693,0.58228695,3.1529280299506266,1.0835193
1,0.71970296,3.5491416,-2.8987653,4.582493491243609,3.0932722
1,0.35238302,4.6974707,-3.297508,5.7393195431478965,0.4513384
1,0.7053235,3.5914116,-2.9594605,4.653669832918785,3.143475
1,0.68403006,3.1237817,0.51476336,3.165911099157485,1.5708145
1,0.6688545,3.6035042,-3.039371,4.7141296806770425,2.714386
1,0.52900314,3.1396968,0.42375627,3.168164417701185,1.6842536
1,0.71133375,3.7134047,-3.10459,4.840232704180165,3.0617187
1,0.3418878,3.138741,0.38204145,3.161906244681947,0.8386662
1,0.57689464,3.161565,0.24463435,3.1710155807300002,1.8807011
1,0.49475437,3.7357495,-3.1562314,4.890564549471648,2.8444204
1,0.6341938,3.144492,0.12586696,3.1470100442043005,3.0308678
1,0.32446596,3.7513893,-3.1903968,4.924586539171295,2.9016793
1,0.53018856,3.1624389,0.057120346,3.1629546309867713,1.0331215
1,0.62436754,3.2058275,-0.018873785,3.2058830482535683,1.8358164
1,0.40743867,3.8632228,-3.274176,5.064061430330996,3.1307411
1,0.561454,3.2134078,-0.08950865,3.214654186866403,2.281692
1,0.320902,3.874044,-3.3117123,5.096631691818704,3.136059
1,0.36924756,3.8625433,-3.3707461,5.126516350442805,0.2478317
1,0.330332,3.2529325,-0.20406224,3.2593269030057015,1.6128508
0,0.4368679,8.745992,-6.7800336,11.066220105211725,3.735995
1,0.37100998,3.3094795,-0.26337814,3.3199432526759804,2.298788
1,0.33094063,3.8816175,-3.4332037,5.182069256736754,0.29265726
0,0.38302377,8.741222,-6.754038,11.046537618057885,3.7284737
1,0.33555388,3.8660488,-3.4498932,5.181514918200485,1.67693
1,0.42865908,3.8676655,-3.471391,5.197056069032541,1.220629
1,0.42580763,3.442051,-0.47094774,3.4741195496416983,0.041016027
1,0.30839762,3.8541834,-3.5531268,5.242083439028635,1.0763737
1,0.54719883,3.8808677,-3.5857167,5.283795888650499,1.2128508
1,0.41223076,3.4668896,-0.51871943,3.5054804265078823,2.953893
1,0.48836282,3.5314517,-0.64932895,3.590651660949689,-0.049045898
1,0.46773374,3.9018106,-3.6036654,5.311358519945022,1.34995
1,0.4904287,3.9922612,-4.368642,5.918038688221225,1.8699512
1,0.46843508,3.9522853,-3.62495,5.362911558919646,1.4628469
1,0.38893712,3.5308163,-0.74723816,3.609020529511308,3.3038092
0,0.38449216,8.747372,-6.7629027,11.056824343498828,3.7755585
1,0.38050643,3.5822756,-0.819501,3.674817144295257,2.857412
1,0.32449004,4.041764,-3.6501186,5.446027886618034,1.5122105
1,0.5761475,3.5724254,-0.88208926,3.67971536095311,2.7466545
1,0.44649372,3.5977724,-0.9584156,3.7232413217439193,2.8879516
0,0.3260028,8.731368,-6.7727056,11.05017299602986,3.7475476
1,0.44168496,4.1570144,-3.5907292,5.493096266942751,2.2413363
1,0.7015638,3.492058,-4.2715592,5.517307964901491,2.373426
1,0.62479913,4.1084476,-3.542098,5.424555311127938,2.4456325
1,0.5999567,3.697754,-1.1867013,3.883509245286734,2.934365
1,0.53542435,4.090744,-3.503435,5.385930148153707,2.8392131
1,0.47151577,3.4302528,-4.2284474,5.444850995115366,2.7127414
1,0.5187679,4.1097302,-3.4379807,5.358133511453639,2.706281
1,0.4906669,3.3209505,-4.100007,5.2762459969251205,2.5820084
1,0.6225872,4.0626755,-3.370049,5.278500173999624,2.5701313
1,0.510781,3.8522136,-1.4377885,4.111786225591722,3.2343218
1,0.46771443,3.311242,-4.0647287,5.242741971887331,2.576661
0,0.3249015,8.77576,-6.7069917,11.045256716023017,3.7617462
1,0.7673349,3.2719376,-3.955289,5.1332139971514685,2.6198516
1,0.6428448,4.048292,-3.3172042,5.2337857498321885,2.1899927
0,0.46441132,8.760679,-6.7135916,11.037292036125649,3.7515202
0,0.7197655,8.739524,-6.6568284,10.986020308187769,3.7289467
1,0.6391059,3.2426813,-3.8257675,5.015125095256282,2.6548486
1,0.5630567,3.9789498,-3.3104765,5.176031096564013,2.148275
1,0.40214267,3.9249492,-1.5807309,4.231304336266584,2.86604
1,0.55679584,3.9128544,-3.2290523,5.073185322858643,2.2565398
1,0.5454494,3.1550896,-3.732944,4.8876846785910795,2.7262723
0,0.4218107,8.72186,-6.6441026,10.964257170585446,3.72672
1,0.31711563,3.9659493,-1.7445972,4.33270968326553,0.2723384
1,0.76845664,4.036386,-1.739012,4.39506246789277,2.6289113
1,0.48483536,3.1046588,-3.6537888,4.7946927452891615,2.669972
0,0.36161166,8.750396,-6.7278748,11.037831534118734,3.7254786
1,0.3375898,3.855869,-3.1691463,4.991113586013768,2.2036166
1,0.6073925,4.040588,-1.8526496,4.445071570868303,2.9827964
1,0.49635336,3.8178651,-3.1053176,4.921289802760442,2.4001873
1,0.3761558,3.103636,-3.495597,4.674585889131066,2.80841
1,0.7966512,4.1002607,-1.9075725,4.522274836411971,2.914577
1,0.66361195,3.7627432,-3.0173,4.8231042725208,2.630221
1,0.595662,3.0049329,-3.394385,4.533373105117764,2.7558255
1,0.6394045,4.139459,-1.968201,4.583550789038271,2.8403294
1,0.5902914,3.6210227,-2.9555845,4.674108067253606,2.6424127
1,0.4786884,2.976918,-3.3071587,4.449644850371049,2.9095752
1,0.7003943,4.146176,-2.0103893,4.607867288506292,2.875175
1,0.47428876,3.6485996,-2.8245609,4.614154574737955,2.4627342
1,0.42293453,2.9862905,-3.1969182,4.374724897182152,0.029208027
1,0.7204533,3.6157632,-2.737155,4.534948904470932,2.6550963
1,0.6947663,4.189564,-2.0165854,4.649630558555668,0.11377957
1,0.36823803,2.9286897,-3.091138,4.258210721773335,2.9415843
1,0.6925872,3.6169174,-2.6183705,4.465193820689449,3.0081694
1,0.56391007,2.863883,-2.9630811,4.120882927442197,0.013740923
1,0.38560718,4.206295,-2.0270052,4.669225445378026,0.24119963
1,0.7923913,2.8291318,-2.8696134,4.029723122222228,2.994595
1,0.32391986,3.6011407,-2.5346136,4.403689458876469,0.011730302
1,0.741478,2.8386497,-2.7718215,3.9674836789272003,3.0689032
1,0.69045657,2.8324301,-2.6459172,3.876020973818065,3.015333
1,0.602309,3.6016324,-2.2902794,4.2681537440744375,2.8130288
1,0.34287733,4.2568774,-1.9745268,4.692521927405835,1.3583273
1,0.8167393,2.7889578,-2.4905653,3.739144443836718,2.801497
1,0.56565905,3.5666554,-2.1622057,4.170870885130549,-0.18130857
1,0.41446298,4.2146297,-1.881654,4.615595974117434,0.38746893
1,0.5683369,2.8007681,-2.3617156,3.6636051632727016,2.937655
1,0.42233258,3.5721402,-2.056806,4.1219700175476195,-0.22496796
1,0.32368773,4.2602396,-1.8039675,4.626439257226411,3.055787
1,0.7783011,3.48098,-1.9090532,3.9701014342910144,2.9810934
1,0.6083083,2.7013993,-2.2746127,3.531489946433411,2.6930292
1,0.5582974,4.293956,-1.6691957,4.606980765565664,0.028396342
1,0.6129524,3.46205,-1.7271801,3.8689716577583764,2.8083396
1,0.5193371,2.6625955,-2.1657448,3.432180832195847,2.5595345
1,0.49242374,4.2886987,-1.5621576,4.564348029451738,2.9645822
1,0.6872821,2.6563292,-2.0342927,3.345808019736285,2.7464442
1,0.6858162,3.4443157,-1.6412343,3.8153585754906856,2.9535706
1,0.56993586,4.281511,-1.4798245,4.530034816515517,0.014320511
1,0.656694,3.4393272,-1.5109551,3.756588552137275,3.1200092
1,0.60466105,2.6511078,-1.9002793,3.2618145043485853,2.8973587
1,0.38468885,4.2713394,-1.3267747,4.472658382232025,1.8987823
1,0.7749098,3.4477403,-1.3634003,3.707529273711765,2.958295
1,0.64361095,2.6240182,-1.7531213,3.1557733156916923,2.7430646
1,0.8326037,3.4209936,-1.2215055,3.6325297584023604,2.9619322
1,0.644622,2.6095011,-1.6840656,3.1057322264408946,2.9383278
1,0.7877989,3.423139,-1.0912672,3.5928743041868354,2.8592415
1,0.7352964,2.5352843,-1.5284833,2.9603931258731158,2.4673877
1,0.39826387,4.273744,-0.90135324,4.367759817220133,2.9846303
1,0.8224054,3.421961,-0.92472684,3.544705571913235,2.9278767
1,0.7378225,2.6085062,-1.42746,2.9735410879736763,2.9209762
1,0.53737915,4.2785096,-0.7876233,4.35040169099899,0.007400602
1,0.7919059,3.4065182,-0.7745855,3.4934722790009296,2.8565128
1,0.6381777,2.5222614,-1.2528881,2.816297383525684,2.7594614
1,0.3730612,4.2481775,-0.6175903,4.29283479268082,2.8698711
1,0.73383456,3.4104064,-0.6463117,3.471107987386047,2.8005211
1,0.6825973,2.5346534,-1.152288,2.784283644422324,2.8085823
1,0.75234205,2.5460875,-1.0684226,2.7611751641925064,2.684959
1,0.68239135,3.3748977,-0.498876,3.4115703224650833,2.7195399
1,0.80795866,3.3245368,-0.3559752,3.343540505950122,2.8620386
1,0.80389446,2.5063412,-0.90961933,2.666299635742126,2.4575934
1,0.81773883,2.5096745,-0.82512236,2.6418351329270853,2.7411911
1,0.76550776,3.2784593,-0.19984373,3.284544680320096,2.6661253
1,0.80045426,2.5001056,-0.6274921,2.5776490668065906,2.5649285
1,0.762872,3.2564254,-0.09677267,3.2578629963206573,2.709552
0,0.32181913,8.749133,-6.773086,11.064448815367651,3.7671475
1,0.8491124,2.483253,-0.53006303,2.53919517757316,2.662426
1,0.7630931,3.2670765,0.059158653,3.2676121264761884,2.4659796
1,0.69923544,3.18614,0.21640074,3.193480472426753,2.6344733
1,0.6677281,2.4745011,-0.40362063,2.507202739800013,2.4668927
1,0.7298665,3.1396646,0.34440434,3.1584978314105885,2.53014
1,0.69166577,2.4530742,-0.28884402,2.470020981054733,2.5886436
1,0.8473391,3.158071,0.4252923,3.186579103769828,2.7442956
1,0.7174463,2.4514527,-0.14705595,2.4558595613965255,2.6703365
0,0.37693793,8.732266,-6.7809834,11.055958338503038,3.7673466
1,0.81580585,3.1457555,0.56454647,3.1960117162649655,2.5920115
1,0.666811,2.4403708,-0.0626739,2.4411754773744203,0.94247746
1,0.7770403,2.421173,0.12433038,2.4243632670288497,2.510765
1,0.7517599,3.1315405,0.6840687,3.2053854804829967,2.385348
1,0.774615,3.099438,0.7631035,3.1919966750354707,2.4697537
1,0.7520371,2.3654928,0.24905238,2.3785674757497075,-0.2566216
1,0.7149851,2.3599794,0.35756433,2.386913335332002,2.541789
1,0.70798904,3.0874853,0.900856,3.2162255322340716,2.2691312
1,0.7253874,2.3445015,0.45173967,2.387625614077309,2.7123203
1,0.6363979,2.9962904,1.0248755,3.1667217617930645,2.1840248
1,0.79000986,2.333701,0.5805365,2.4048248628542988,2.4942827
1,0.75848484,2.957147,1.1143293,3.1601340690371904,2.5512006
1,0.69437855,2.3058622,0.69674474,2.4088282458311174,2.443339
1,0.615797,2.8912263,1.2430077,3.147102925021473,2.3640747
1,0.67970264,2.2226753,0.8351801,2.374407644185514,2.383362
1,0.60795605,2.847665,1.3983309,3.1724636490034124,2.6537921
1,0.69046307,2.2482147,0.90044206,2.4218309952214425,2.2585657
1,0.56253314,2.825426,1.5018637,3.199785529340499,2.4296956
1,0.73073536,2.2163503,1.0889063,2.4693977375378853,1.8110187
1,0.67970824,2.8047955,1.6410397,3.2495982582038785,2.7823293
0,0.3526782,8.739714,-6.801078,11.074170524586354,3.7626534
1,0.82814926,2.2055376,1.1848174,2.503635052591032,1.3296177
1,0.41629082,2.8242025,1.703336,3.2981015495549495,1.5714105
1,0.79771096,2.1818464,1.3017423,2.5406665606225514,1.3655351
0,0.44105336,8.736507,-6.7588463,11.045748511561543,3.7316182
1,0.5158874,2.2046509,1.5060517,2.6699583083194507,2.1247272
1,0.34882984,2.2051508,1.5593631,2.70079689981364,1.7974899
0,0.34871006,8.726353,-6.791205,11.057562981809314,3.7335367
1,0.4377349,2.151153,1.6189646,2.6923048847309605,3.0855305
0,0.431368,8.741248,-6.795094,11.071707993598269,3.7515001
1,0.47338033,2.1314697,1.7245438,2.7417539596188147,2.79322
1,0.5926122,2.1293504,1.8005763,2.788585461764347,3.2206302
1,0.6114723,2.0148165,1.9284823,2.7890014641758962,2.8837123
1,0.32640052,3.6420963,2.572215,4.458828883691107,1.4649092
1,0.7250631,1.9992371,1.9987122,2.8269770700437635,0.02053377
1,0.4561625,3.618826,2.5625088,4.434225029052581,1.4229472
1,0.6021949,1.9685178,2.1091793,2.8850821474435624,1.7416086
1,0.67739934,1.9592121,2.195245,2.9423821642672703,1.6657249
1,0.7150532,1.89149,2.2480917,2.937967141525347,3.4019454
1,0.5285899,2.7489238,2.6702697,3.832352028893517,3.023024
1,0.38525113,3.441015,2.4551408,4.227091363053508,1.4293865
1,0.6670875,1.9249837,2.408664,3.083378834431652,1.3704138
1,0.41673127,2.7030203,2.7715216,3.8713886291100432,1.6705537
1,0.34402403,3.3563485,2.4710677,4.167883174057052,1.2040772
1,0.7783719,1.8881512,2.4690263,3.1082479456677916,3.1976118
1,0.46840012,2.7705877,2.814154,3.949128796074628,5.3527637
1,0.41984865,3.2159865,2.4707527,4.055513448511136,1.3081046
0,0.32469773,8.749549,-6.7480507,11.049470113762101,3.7552545
1,0.7356453,1.8685118,2.585006,3.1896069612796882,0.03191223
1,0.5840355,3.2071936,2.4620678,4.04324991474023,1.3134639
1,0.4568842,2.7066245,2.9422631,3.9978404175824185,2.208925
1,0.75193775,1.8837491,2.6073308,3.216626253681267,3.2578905
1,0.62029207,2.7728179,2.9857605,4.074712853173267,2.091187
1,0.48051918,3.1533904,2.4571178,3.997661741609661,1.1354557
0,0.3634774,8.752893,-6.753689,11.055562230741273,3.7290502
1,0.7910067,1.8624364,2.7304883,3.3051832472054286,3.0636978
1,0.53178424,3.0537493,2.4660223,3.925130640273377,1.1612554
1,0.48045242,2.8017569,3.0237863,4.122271936144842,2.3287075
1,0.7898359,1.8839023,2.781098,3.3591061506701045,3.222049
1,0.4268587,2.7958508,3.0890646,4.166425596257001,5.301222
1,0.38302368,2.8924422,2.4593763,3.796676818950187,1.5013939
1,0.53762805,1.8710625,2.8926826,3.445066966608769,3.9139724
1,0.52650136,2.8653793,2.488245,3.7949653501273226,1.339483
1,0.5013085,2.8340678,3.1756065,4.256338441800927,3.5473127
0,0.3993652,8.699332,-6.7397194,11.004644627117253,3.7877374
1,0.7567379,1.8738303,2.9726024,3.5139158714441234,0.36962396
1,0.6423352,2.7880132,2.4780407,3.7301077623115706,1.0072265
1,0.37332526,2.8283255,3.3020496,4.34775320323725,1.2308004
1,0.7061188,2.6888685,2.466869,3.649034994403433,1.2088975
1,0.6698614,1.858931,3.0653973,3.585008421905287,0.6819999
1,0.6414608,2.940801,3.3289368,4.4418610111014685,1.1225054
0,0.32390413,8.744636,-6.7757263,11.062509655274742,3.729739
1,0.8052151,2.9839354,3.4915216,4.59288504625314,1.3462268
1,0.7500895,1.8742326,3.1231453,3.642359766410884,0.49742058
1,0.7404484,2.5970566,2.5079408,3.610328185150512,1.3545368
1,0.7146323,2.522881,2.4719608,3.532070098440552,1.3233836
1,0.70109946,1.9149166,3.1897295,3.720386946252525,0.77466166
1,0.6611123,3.042248,3.4888656,4.628980006664493,4.817141
1,0.6969321,2.4631052,2.4694712,3.487861155196297,1.373745
1,0.66107905,1.9109375,3.2740016,3.790879779250777,0.7644348
1,0.65515804,3.0841334,3.53285,4.689659740085969,4.963766
1,0.68354255,1.9481494,3.3145971,3.844715896448248,0.7556844
1,0.68072563,2.3686705,2.482929,3.4315501653291345,1.2697706
1,0.6575969,1.9965464,3.3699913,3.9170190909618965,5.2778873
1,0.5990703,2.326257,2.4659128,3.3900143121737942,1.2804391
0,0.45761257,8.733863,-6.784624,11.059451960252497,3.7431731
1,0.7144808,2.0517578,3.4094324,3.9791883031979185,4.7226176
1,0.6724816,2.2847648,2.51283,3.396242752825629,1.1789905
1,0.7573915,2.1539285,3.4513881,4.068351873792893,0.9245208
1,0.65721476,2.2703576,2.5358024,3.403647732411881,1.4098785
1,0.34885675,3.5841386,3.4494655,4.974420730374865,1.9585
1,0.72625315,2.2841554,3.4687784,4.153286443805888,1.2976202
1,0.6280904,2.2954159,2.5739207,3.4487681801991843,1.5981102
1,0.57544744,3.6793742,3.4693813,5.057113984820665,2.271877
0,0.38648498,8.742171,-6.7714167,11.057922450703895,3.7468483
1,0.7566757,2.3631268,3.5519652,4.266242461176911,1.0568244
1,0.6276825,2.312557,2.6356568,3.506366661157328,1.9373246
1,0.34959373,3.8038821,3.450908,5.135979405560901,1.5785342
1,0.6869906,2.4716015,3.563,4.336332945790492,0.9535013
1,0.48185933,2.3534992,2.6627896,3.553787687667359,2.5324411
1,0.37587,3.8808558,3.4515054,5.193643264500048,4.69024
1,0.70995164,2.5808146,3.603028,4.431976534275222,4.60325
1,0.51652443,2.353244,2.7401397,3.6119417914244787,-0.27264148
1,0.34119907,4.047588,3.446085,5.315869508173586,4.7491045
0,0.30692562,8.738079,-6.7505527,11.041919594992764,3.728321
1,0.5640496,2.3937488,2.7890146,3.6754094421248826,5.8904567
1,0.5471423,2.7149706,3.5911882,4.501965835123056,4.9634333
1,0.617179,2.3910642,2.8314755,3.7060007767406296,5.8949986
1,0.575802,2.8482506,3.6962368,4.666336706394674,1.8174564
1,0.48432288,4.3694777,3.4251528,5.551937404334669,2.6623023
0,0.3268229,8.73991,-6.774158,11.057814128294002,3.7420304
1,0.6293687,2.4244313,2.9032485,3.7824223490104782,-0.5965606
1,0.45191845,4.4410143,3.4226346,5.6068740412356535,2.713032
1,0.661105,2.4543328,2.995084,3.8722445627957907,-0.4998825
1,0.46413085,2.468773,3.0588362,3.9308165488667526,0.31585407
1,0.42844436,4.7135825,3.353549,5.784820608722249,2.5003085
0,0.3610988,8.816379,-6.747728,11.102268269041847,3.7390988
1,0.3152299,3.2718613,3.5795748,4.849580664056171,0.5781213
1,0.75947535,3.3924723,3.5544744,4.913568565883226,2.6412225
1,0.7181392,2.5212712,3.1531618,4.037231502522001,-0.13303787
1,0.7313724,2.5457835,3.2179587,4.103202564584247,0.63963044
1,0.6720726,3.5280762,3.5875034,5.031650124508248,1.6673709
1,0.63012755,3.6346638,3.5686462,5.093723226839628,1.3133192
1,0.5974166,2.590637,3.2679894,4.170270404052946,4.519473
1,0.70371675,2.6697938,3.3415918,4.27715266946198,4.245081
1,0.64148813,3.759804,3.5838597,5.194244596248734,1.4171573
1,0.4197021,5.26137,3.1394944,6.126862223385287,4.5364103
1,0.7115182,2.8007622,3.3644235,4.377626557059349,4.767829
1,0.4363358,3.911142,3.5500224,5.282015953724524,1.4670875
1,0.54125357,4.0814075,3.5927086,5.437411428146708,4.5812235
1,0.44361815,2.9341395,3.3812203,4.476809616325036,5.1148357
0,0.31795982,8.739418,-6.766288,11.052605120787348,3.7728941
1,0.5595792,4.223878,3.5522325,5.5190125347865315,4.619913
1,0.5279463,3.0126944,3.3798397,4.5276531808217895,4.704696
1,0.7007358,4.348896,3.5611634,5.620923578524294,1.8014773
1,0.61650485,3.1259553,3.3889296,4.610470812870743,0.29092616
1,0.606093,4.474381,3.5248082,5.695994981184902,1.9706756
1,0.53342766,3.233514,3.3580036,4.661737881879,3.0647318
1,0.6587149,3.3101795,3.4096453,4.752154213146638,4.380926
1,0.5194751,4.5702853,3.5105693,5.762951073193445,2.835884
1,0.6672607,3.4340231,3.3914456,4.8264291494811085,4.752611
1,0.37979725,4.7412486,3.546651,5.920994031292678,2.719478
1,0.56420517,3.603388,3.3679297,4.932276993286263,4.4864726
1,0.5068335,4.871874,3.504636,6.001468796558427,1.9887245
1,0.6409068,3.7373016,3.4398913,5.079397188900697,4.628774
1,0.36424413,6.509785,2.9285228,7.138175694538049,1.7965696
1,0.5393301,3.8264508,3.4289875,5.138061997612387,4.7972245
1,0.51944536,5.3784423,3.4366121,6.382628420693204,4.456467
1,0.45955396,4.122896,3.4226508,5.358433765915751,-0.017304271
1,0.4116755,5.4878545,3.4395308,6.476644076028019,1.6577715
1,0.33943507,4.263181,3.3936238,5.44898107960637,4.750315
1,0.6362427,4.413996,3.39826,5.570595497336554,-0.5013989
1,0.33020622,5.6781826,3.4235535,6.630420410727969,5.0649724
1,0.34186962,4.5568666,3.3604207,5.661930835405189,2.8471942
1,0.32497364,5.8189917,3.41357,6.74634142025096,1.8142333
1,0.6247061,4.699448,3.38505,5.791664434565199,2.8215349
1,0.56195885,5.9179044,3.3690126,6.80968704243938,1.6555747
1,0.549158,4.789691,3.3642104,5.853122966580666,4.776241
1,0.32206866,6.02513,3.339054,6.888502698075012,1.8507974
1,0.38195878,4.91233,3.4134984,5.981885905329104,4.2559457
1,0.3182686,6.1081877,3.3049679,6.9449815703464015,1.8279248
1,0.40587193,7.8907075,2.387181,8.243900703169036,2.4364877
1,0.5778175,6.647269,3.220803,7.386457691794221,2.9429927
1,0.37632456,6.9607644,3.0324416,7.592624156993119,2.876836
0,0.45211175,8.729208,-6.7747927,11.049746300732288,3.7421584
1,0.36023095,7.274583,2.972995,7.85864205858002,5.0232916
1,0.4204259,6.204316,3.3587604,7.055126560949536,1.5051903
1,0.3507928,8.544176,2.0026283,8.775731643649301,0.47794378
1,0.35039234,7.3607745,2.9067018,7.913906325581452,1.6740595
1,0.486746,7.4869165,2.837679,8.006643397890064,1.8778727
1,0.38626668,8.57705,1.9775219,8.802066768352264,0.26997
1,0.5094222,8.674943,1.9137189,8.88352191813145,2.733972
1,0.3884604,7.578437,2.7939894,8.077071396021319,5.0413256
1,0.41870245,7.686212,2.7502244,8.163429812505951,1.5496584
0,0.37796083,8.733053,-6.753555,11.039779175471041,3.7521653
1,0.3374017,6.5333214,3.3433688,7.33910102598601,2.2158096
1,0.33569145,8.713569,1.8027414,8.898098397429196,2.8651261
1,0.36098993,7.775496,2.622017,8.205687843702151,1.7578478
1,0.31639212,8.735787,1.6702272,8.894022582347793,0.65409017
1,0.30495378,6.685742,3.3249936,7.466909014084032,2.2363405
1,0.3647648,8.830877,1.6693915,8.987282987263951,0.02483024
1,0.35130686,7.912388,2.5927703,8.326364069811437,1.8553684
1,0.38048232,8.847121,1.5881689,8.988538861883061,0.046827465
1,0.34505668,7.9826646,2.490247,8.362072888972463,4.968848
1,0.4988608,8.084626,2.4817197,8.456956823431163,1.6002104
1,0.46500602,8.312564,2.3285048,8.63253455081392,2.0890062
1,0.38299578,8.37881,2.277766,8.682895235906878,1.9903865
1,0.31722885,9.005138,1.0725352,9.068784021462287,0.8368451
0,0.45053488,8.734609,-6.772697,11.052728680253436,3.75568
1,0.3062653,7.604223,2.9848552,8.169061530199151,4.8530083
1,0.36409596,8.992715,0.9667462,9.04452984972888,1.0629886
1,0.3634773,7.7215843,2.958066,8.268797757680488,5.163184
1,0.48874238,8.972137,0.8884059,9.016014685712767,1.3131039
1,0.3477508,7.8344445,2.9507146,8.37169251679152,2.8641145
1,0.43355605,8.867959,0.8415406,8.907799087458109,1.4920299
1,0.3372424,8.667107,1.7734607,8.84668868881662,1.9521065
1,0.3851555,8.8632765,0.754601,8.895340940857835,1.2492834
1,0.31500533,8.686296,1.6682543,8.845044799484219,1.5064174
1,0.3014769,7.934,2.8280747,8.422966541334787,1.7648023
1,0.327111,8.711806,0.6520169,8.736171585410085,1.2747824
1,0.37438107,8.681947,0.62037694,8.704083100595392,1.2197338
1,0.43809927,8.65654,0.53731096,8.673199416741125,1.4298186
1,0.44150066,8.6193905,0.42344522,8.629785509328244,1.4877862
1,0.34624884,8.524732,0.29053417,8.529681274613042,1.3563588
1,0.33025002,8.576294,1.1534413,8.653510696560575,1.3838723
1,0.4672438,8.502312,1.1038737,8.57367150161342,1.6953834
1,0.4512892,8.438033,0.21711716,8.440825986534785,1.5248669
1,0.34846187,8.453769,1.0739106,8.521707081163283,1.5846663
1,0.30833673,8.065802,2.2615125,8.376849070014147,1.4352013
1,0.30059642,8.399664,1.0361398,8.46332897368964,1.5317882
1,0.44553703,8.282296,0.9994087,8.342376481634483,1.8120501
1,0.43021387,8.091804,0.10327217,8.092462739242928,1.5842685
1,0.38041696,7.9892874,2.0908966,8.258363126155055,1.0183934
1,0.49292573,8.203334,0.91410893,8.25410682878624,1.6168748
1,0.47293958,7.996979,0.083372876,7.997413694029904,1.6323773
1,0.32678735,7.973372,2.001737,8.220803588050305,1.0159868
1,0.51843727,7.940566,1.956182,8.177972506310157,1.1456485
1,0.33450863,8.127911,0.9076579,8.178433355830547,1.7096591
1,0.4900881,7.994047,0.8557885,8.039723953898095,1.5603974
1,0.39786375,7.8388805,1.9495586,8.077674484233825,1.2864679
1,0.37806758,7.7415743,0.059407987,7.741802186741328,1.6856135
1,0.5208659,7.595804,0.010598175,7.595811603268838,1.7490482
1,0.4960751,7.7926006,1.8809829,8.016403071246081,1.3088311
0,0.4022823,8.735573,-6.7901754,11.064208852389623,3.7420127
1,0.38949123,7.9368334,0.8480959,7.982016616364314,1.8364036
1,0.3730782,7.7170057,1.9307631,7.954874082440304,1.4754202
1,0.32723933,7.8506613,0.758058,7.887175336585276,1.5561528
1,0.3252783,7.471747,-0.050744515,7.471919325023404,1.5545245
1,0.44890198,7.3247313,-0.077597104,7.325142129293838,1.4879563
1,0.35801274,7.6367803,1.8869803,7.8664545590960016,1.6532336
1,0.3565713,7.748112,0.70891315,7.780475623883022,1.4585598
1,0.30346832,7.618255,0.7013881,7.650474394007809,1.726362
1,0.30148283,7.4745183,1.8859414,7.708774066044377,1.5287944
1,0.5094849,7.3784437,0.60852605,7.403494922031546,1.807914
0,0.41045347,8.738826,-6.790809,11.06716596403912,3.7267416
1,0.4846517,7.3033233,0.68133223,7.335035502237995,1.811658
1,0.451206,7.0985656,1.7987186,7.322910820717646,1.443327
1,0.35038,6.831387,-0.19308816,6.834115549612765,1.784053
0,0.3073359,8.703917,-6.757294,11.019037591964418,3.7806082
1,0.57723755,7.1298065,0.66817373,7.16104724790778,1.7938468
1,0.46074787,6.738783,-0.16281372,6.740749378144471,1.8327553
1,0.47925067,6.575145,-0.1758852,6.577496931306594,1.7979016
0,0.39627084,8.739501,-6.8092403,11.079017506360842,3.7222893
1,0.34840468,6.8300943,1.7243352,7.044396347272131,1.3557973
1,0.33124748,7.0274773,0.6160444,7.054427402977985,1.9209951
1,0.5915477,6.4781566,-0.21650402,6.481773350920648,1.8128582
0,0.37323195,8.743237,-6.7847285,11.06692020018601,3.7689877
1,0.3391031,6.988759,0.6089442,7.0152381161594235,1.9002951
1,0.4996196,6.833882,0.5986393,6.8600517755895645,1.9310305
1,0.468306,6.6352468,1.6804147,6.844727607473347,1.5526326
1,0.42842314,6.352501,-0.21632557,6.35618297500306,1.9148664
1,0.5507206,6.2109785,-0.22526592,6.21506226045783,1.8176495
1,0.5388508,6.6950836,0.6034727,6.722226117485887,1.919064
1,0.45852116,6.505598,1.632712,6.707350886020734,1.3314637
1,0.6571014,6.0557547,-0.2613031,6.061389624776616,1.5883509
1,0.50580245,6.3736644,1.5658096,6.563181814469652,1.2034429
1,0.47457093,6.5531564,0.560959,6.577121975285483,1.761612
1,0.63908434,5.9236684,-0.2830598,5.930427595550295,1.6790007
1,0.5073746,6.29864,1.5601101,6.48897585977481,1.3993971
1,0.49303824,6.423518,0.55259025,6.44724284540432,1.8674668
1,0.6969151,6.3642855,0.5583514,6.388731286505316,1.8633833
1,0.62922853,5.8110986,-0.25759965,5.81680532179059,1.7543848
1,0.4999299,6.22064,0.544298,6.244407593213751,1.8133464
1,0.47769082,5.6640024,-0.32126704,5.673106666695857,1.8171688
1,0.41393468,6.0324435,1.5517281,6.228822764554034,1.5106744
1,0.6731849,6.061417,0.5188308,6.083581196512507,1.6823142
1,0.52843314,5.49571,-0.32175046,5.505120408129854,1.9366045
1,0.35432363,5.910853,1.529483,6.105530292496131,1.496379
1,0.6745576,5.980599,0.52181345,6.003320093276218,1.8308318
1,0.4912101,5.3672504,-0.30673254,5.376008050117823,1.7284994
1,0.64254874,5.826543,0.52323,5.849988901502726,1.7724197
1,0.5311629,5.2104783,-0.30340025,5.21930422095736,1.8639466
1,0.4560939,5.630721,1.4901181,5.824557687886823,1.2851093
1,0.63906825,5.0646915,-0.30955654,5.07414281963012,5.0597878
1,0.49798918,5.661197,0.55955213,5.6887829350167936,1.9076712
1,0.34498975,5.5064445,1.469917,5.699261922064894,1.5575384
1,0.6619352,4.915773,-0.33459347,4.927146970352727,1.7572061
1,0.59509313,5.261011,1.4659513,5.461433093458728,1.4731745
1,0.51776856,5.5380287,0.52051145,5.562435878426944,1.6929687
1,0.60602397,4.795342,-0.34701812,4.807881703094125,1.865555
1,0.5767543,5.13164,1.4053588,5.320597860831025,1.3277354
1,0.68035597,4.681391,-0.34089902,4.693786474662707,1.8324614
1,0.6152454,4.9659495,1.4049795,5.1608740215688185,1.4888796
1,0.47221348,5.2604117,0.5054189,5.284636185032447,1.6705722
1,0.6966568,5.0846753,0.5393207,5.11319769316756,1.7700534
1,0.52369225,4.8313923,1.429106,5.038322642814827,1.3802971
1,0.48384044,4.5049634,-0.37962848,4.52093046350631,1.7741736
1,0.6233764,4.903243,0.4406844,4.923006636090313,1.5075449
1,0.5629896,4.6679173,1.4084413,4.875772659497119,1.5329993
1,0.5048741,4.3852262,-0.39385012,4.402877057731461,1.7176496
0,0.32718357,8.692632,-6.776723,11.02206046778761,3.796736
1,0.61594164,4.7525396,0.5087174,4.779688960533754,1.8929167
1,0.59797937,4.218183,-0.4118991,4.2382459225918225,1.6422755
1,0.507496,4.568215,1.4698131,4.798847600565893,1.6216278
1,0.7106029,4.6657443,0.48773652,4.691167998477715,1.8891468
1,0.67755204,4.474435,1.517967,4.724911740402126,1.6075056
0,0.38946098,8.701384,-6.7308626,11.000844749612556,3.7749324
1,0.62847763,3.9005048,-0.44469452,3.9257726261177046,1.4985658
1,0.6148728,4.474168,0.5065565,4.502752098299465,1.8185203
1,0.6118799,4.3146334,1.5252539,4.5762931622051175,1.4608494
1,0.7524011,3.6872263,-0.5238086,3.7242465390096284,1.4824139
1,0.63394487,4.309061,0.42132983,4.329610301182708,1.8123124
1,0.49052665,4.184335,1.5194386,4.45166869861971,1.6281961
1,0.61333084,3.540825,-0.5116787,3.577604830716784,1.453625
1,0.3754245,4.155371,0.42966384,4.177525497714839,1.7224374
1,0.52109456,4.0697365,0.42403924,4.091767974241611,1.426055
1,0.41984513,3.3978627,-0.53375864,3.4395304838510765,1.5982935
1,0.38835308,3.846706,1.3805373,4.086934013728183,1.5537144
1,0.60520124,3.2444794,-0.56193686,3.2927829604042556,1.6212124
1,0.5737142,3.9272792,0.43612483,3.951420835080182,1.7946784
1,0.47113115,3.761935,1.4046658,4.015624525018211,1.4861745
1,0.7366609,3.8453815,0.4378699,3.870231155076604,1.7372631
1,0.7087755,3.1035576,-0.56989086,3.15544692294266,1.5086105
1,0.66067153,3.6167107,1.4484155,3.8959598350726132,1.2731886
1,0.73529625,3.687128,0.4208526,3.7110686911431996,1.6686875
1,0.72741115,2.9588835,-0.5891634,3.0169695292935983,1.4327722
1,0.6553263,3.4898782,1.4122776,3.7648077746760498,1.2692375
1,0.79552746,2.8184733,-0.6188605,2.8856161073874445,1.5120937
1,0.7365367,3.5585814,0.37728825,3.5785258372643827,1.5508232
1,0.61506635,3.307421,1.3998458,3.5914623110903476,1.1890832
1,0.73726034,3.451677,0.38393596,3.4729643643190578,1.5743854
1,0.7044888,2.7119756,-0.60946673,2.7796152861351184,1.8349432
1,0.5860051,3.1860967,1.4549387,3.5025788751797537,1.4232925
1,0.69898903,2.5441303,-0.68040824,2.633544095775602,1.7446976
1,0.6882274,3.2953036,0.40013036,3.319507600049608,1.5819739
1,0.55984426,3.032897,1.394686,3.3382051787311724,1.1309474
1,0.761528,3.2104397,0.37813735,3.2326322273889603,1.5261953
1,0.60592276,2.4456108,-0.6676851,2.53511637463825,1.8373178
1,0.5861818,2.9289436,1.4650555,3.2749194885141835,1.3011119
0,0.31175017,8.710768,-6.742484,11.015378432524175,3.7945077
1,0.7663016,3.1119297,0.3837856,3.1355058693262863,1.5867926
1,0.60156304,2.2475111,-0.6884686,2.35059466041433,1.819816
1,0.5514436,2.8269837,1.5035405,3.2019479961663664,1.6759552
1,0.77153534,2.9570365,0.3774382,2.9810275332699914,1.6091253
1,0.6510833,2.6751416,1.5478426,3.0906632562782534,1.674798
1,0.63328457,2.171642,-0.7007799,2.2819118845959103,1.6922988
1,0.72097844,2.8464139,0.40681383,2.8753381613179263,1.6548299
1,0.67651534,2.532597,1.5215644,2.954522987760474,1.5599871
1,0.54499894,1.9978671,-0.6918522,2.114268750873841,1.6650118
1,0.63667744,2.3982978,1.4938937,2.8255178331397284,1.425365
1,0.53560364,2.7655194,0.43727213,2.7998757913832666,1.6943341
1,0.4854507,1.932299,-0.6578626,2.041215950657955,1.8517188
0,0.34291816,8.746884,-6.683905,11.008295572482274,3.791698
1,0.70344436,2.2356286,1.4960533,2.690020599002744,1.5163726
1,0.57364476,2.6429534,0.4098342,2.6745404784626197,1.5119323
1,0.47321683,1.7334167,-0.6354361,1.8462156845550561,1.543451
1,0.7344157,2.4902833,0.403627,2.522781334000172,1.70175
1,0.681164,2.1493018,1.4695976,2.6036926346721394,1.4467976
1,0.57924956,1.608485,-0.67487985,1.744329939902283,1.5514297
1,0.6290984,2.3293498,0.38418344,2.360819191433065,1.6962099
1,0.47416776,1.4601413,-0.6756319,1.6088787906434026,4.635678
1,0.42954868,1.9867102,1.456442,2.4633799224942154,1.3742015
1,0.52338576,2.2004766,0.3890837,2.2346103784319977,1.8319043
1,0.45727792,1.8759428,1.4607093,2.3775687129764127,1.329815
1,0.44971812,1.3525698,-0.711577,1.5283281125000638,4.8890753
1,0.36453196,1.7361875,1.4723376,2.2764281432877986,1.2576071
1,0.32158697,2.0779839,0.375876,2.111705368739108,1.8373806
1,0.49884242,1.9906685,0.3571243,2.022448795269261,1.7564145
1,0.3152404,1.5835379,1.4877661,2.1727956014563374,1.1732388
1,0.42068568,1.4231894,1.5303668,2.089854245738831,1.4011927
1,0.3501279,1.8826777,0.3721883,1.919114215590698,1.8402698
1,0.33883688,1.7934464,0.38115638,1.8335021403653624,1.7036716
1,0.47545055,1.2128319,1.532683,1.9545020780125362,1.5205969
1,0.42754713,1.6559321,0.36120185,1.694868038295704,1.8159556
1,0.43074867,1.0952501,1.500496,1.857703218702949,1.4327904
1,0.402635,1.5539675,0.40638784,1.6062272778993085,1.8430165
0,0.33998117,8.753059,-6.760771,11.060021419125006,3.755454
1,0.45198342,0.96025777,1.5201721,1.7980596203365762,1.2449136
1,0.40524244,0.81974375,1.4896525,1.7003072124469798,1.6823013
0,0.4065065,8.694487,-6.7430468,11.002853370267081,3.7684975
